exp_id,avg_err_dist[m],avg_err_dist[px],avg_direct_err_dist[m],accuracy,existing_rate,st_dt,ed_dt,mac,floor,st_node,ed_node,via_dts_list,via_nodes_list,match_rate,adjacent_rate,middle_rate,wrong_node_rate
170127_001,1.85,14.11,2.83,99.17,100,2017-01-27T17:48:00.000Z,2017-01-27T17:58:00.000Z,00:11:81:10:01:3f,W2-6F,5,5,[],[],66.67,32.5,0,0.83
170127_002,0.25,1.88,0.39,100,100,2017-01-27T17:48:00.000Z,2017-01-27T17:58:00.000Z,00:11:81:10:01:41,W2-6F,5,5,[],[],95,5,0,0
170127_003,1.22,9.33,1.91,98.33,100,2017-01-27T17:48:00.000Z,2017-01-27T17:58:00.000Z,00:11:81:10:01:43,W2-6F,7,7,[],[],88.33,10,0,1.67
170127_004,0.46,3.55,0.74,100,100,2017-01-27T17:48:00.000Z,2017-01-27T17:58:00.000Z,00:11:81:10:01:45,W2-6F,7,7,[],[],95,5,0,0
170127_005,0.61,4.63,0.88,96.67,100,2017-01-27T17:46:00.000Z,2017-01-27T17:56:00.000Z,00:11:81:10:01:46,W2-6F,16,16,[],[],92.5,4.17,0,3.33
170127_006,0.5,3.83,0.78,100,100,2017-01-27T17:46:00.000Z,2017-01-27T17:56:00.000Z,00:11:81:10:01:4a,W2-6F,16,16,[],[],91.67,8.33,0,0
170127_007,5.23,39.96,8,86.67,100,2017-01-27T17:46:00.000Z,2017-01-27T17:56:00.000Z,00:11:81:10:01:48,W2-6F,20,19,[],[],0,0,86.67,13.33
170127_008,6.54,49.95,9.61,84.17,100,2017-01-27T17:46:00.000Z,2017-01-27T17:56:00.000Z,00:11:81:10:01:47,W2-6F,20,19,[],[],0,0,84.17,15.83
170127_009,4.97,37.95,6.71,85.71,100,2017-01-27T17:49:00.000Z,2017-01-27T17:50:10.000Z,00:11:81:10:01:1b,W2-6F,13,21,"[ { ""$date"" : ""2017-01-28T02:49:12.000+0900"" }, { ""$date"" : ""2017-01-28T02:49:29.000+0900"" }, { ""$date"" : ""2017-01-28T02:49:58.000+0900"" } ]","[ 12, 16, 20 ]",7.14,0,78.57,14.29
170127_010,6.05,46.19,7.57,78.57,100,2017-01-27T17:49:00.000Z,2017-01-27T17:50:10.000Z,00:11:81:10:01:00,W2-6F,13,21,"[ { ""$date"" : ""2017-01-28T02:49:12.000+0900"" }, { ""$date"" : ""2017-01-28T02:49:29.000+0900"" }, { ""$date"" : ""2017-01-28T02:49:58.000+0900"" } ]","[ 12, 16, 20 ]",7.14,0,71.43,21.43
170127_011,5.94,45.4,6.95,78.57,100,2017-01-27T17:49:00.000Z,2017-01-27T17:50:10.000Z,00:11:81:10:01:0d,W2-6F,13,21,"[ { ""$date"" : ""2017-01-28T02:49:12.000+0900"" }, { ""$date"" : ""2017-01-28T02:49:29.000+0900"" }, { ""$date"" : ""2017-01-28T02:49:58.000+0900"" } ]","[ 12, 16, 20 ]",7.14,0,71.43,21.43
170127_012,2.9,22.12,5.22,89.74,100,2017-01-27T17:51:30.000Z,2017-01-27T17:54:46.000Z,00:11:81:10:01:1b,W2-6F,1,1,"[ { ""$date"" : ""2017-01-28T02:51:59.000+0900"" }, { ""$date"" : ""2017-01-28T02:52:33.000+0900"" }, { ""$date"" : ""2017-01-28T02:52:52.000+0900"" }, { ""$date"" : ""2017-01-28T02:53:08.000+0900"" }, { ""$date"" : ""2017-01-28T02:53:28.000+0900"" }, { ""$date"" : ""2017-01-28T02:54:02.000+0900"" }, { ""$date"" : ""2017-01-28T02:54:19.000+0900"" } ]","[ 5, 8, 9, 12, 16, 20, 5 ]",25.64,2.56,61.54,10.26
170127_013,3.67,28.05,5.56,89.19,94.87,2017-01-27T17:51:30.000Z,2017-01-27T17:54:46.000Z,00:11:81:10:01:00,W2-6F,1,1,"[ { ""$date"" : ""2017-01-28T02:51:59.000+0900"" }, { ""$date"" : ""2017-01-28T02:52:33.000+0900"" }, { ""$date"" : ""2017-01-28T02:52:52.000+0900"" }, { ""$date"" : ""2017-01-28T02:53:08.000+0900"" }, { ""$date"" : ""2017-01-28T02:53:28.000+0900"" }, { ""$date"" : ""2017-01-28T02:54:02.000+0900"" }, { ""$date"" : ""2017-01-28T02:54:19.000+0900"" } ]","[ 5, 8, 9, 12, 16, 20, 5 ]",24.32,2.7,62.16,10.81
170127_014,1.78,13.61,4,100,100,2017-01-27T17:51:30.000Z,2017-01-27T17:54:46.000Z,00:11:81:10:01:0d,W2-6F,1,1,"[ { ""$date"" : ""2017-01-28T02:51:59.000+0900"" }, { ""$date"" : ""2017-01-28T02:52:33.000+0900"" }, { ""$date"" : ""2017-01-28T02:52:52.000+0900"" }, { ""$date"" : ""2017-01-28T02:53:08.000+0900"" }, { ""$date"" : ""2017-01-28T02:53:28.000+0900"" }, { ""$date"" : ""2017-01-28T02:54:02.000+0900"" }, { ""$date"" : ""2017-01-28T02:54:19.000+0900"" } ]","[ 5, 8, 9, 12, 16, 20, 5 ]",23.08,5.13,71.79,0
170127_015,1.07,8.14,3.56,96,86.21,2017-01-27T17:56:00.000Z,2017-01-27T17:58:29.000Z,00:11:81:10:01:1b,W2-6F,1,13,"[ { ""$date"" : ""2017-01-28T02:56:29.000+0900"" }, { ""$date"" : ""2017-01-28T02:56:45.000+0900"" }, { ""$date"" : ""2017-01-28T02:57:21.000+0900"" }, { ""$date"" : ""2017-01-28T02:57:37.000+0900"" }, { ""$date"" : ""2017-01-28T02:57:58.000+0900"" }, { ""$date"" : ""2017-01-28T02:58:15.000+0900"" } ]","[ 5, 20, 16, 8, 9, 12 ]",20,0,76,4
170127_016,2.12,16.22,4.34,96.55,100,2017-01-27T17:56:00.000Z,2017-01-27T17:58:29.000Z,00:11:81:10:01:00,W2-6F,1,13,"[ { ""$date"" : ""2017-01-28T02:56:29.000+0900"" }, { ""$date"" : ""2017-01-28T02:56:45.000+0900"" }, { ""$date"" : ""2017-01-28T02:57:21.000+0900"" }, { ""$date"" : ""2017-01-28T02:57:37.000+0900"" }, { ""$date"" : ""2017-01-28T02:57:58.000+0900"" }, { ""$date"" : ""2017-01-28T02:58:15.000+0900"" } ]","[ 5, 20, 16, 8, 9, 12 ]",17.24,3.45,75.86,3.45
170127_017,1.44,11.02,3.54,92.59,93.1,2017-01-27T17:56:00.000Z,2017-01-27T17:58:29.000Z,00:11:81:10:01:0d,W2-6F,1,13,"[ { ""$date"" : ""2017-01-28T02:56:29.000+0900"" }, { ""$date"" : ""2017-01-28T02:56:45.000+0900"" }, { ""$date"" : ""2017-01-28T02:57:21.000+0900"" }, { ""$date"" : ""2017-01-28T02:57:37.000+0900"" }, { ""$date"" : ""2017-01-28T02:57:58.000+0900"" }, { ""$date"" : ""2017-01-28T02:58:15.000+0900"" } ]","[ 5, 20, 16, 8, 9, 12 ]",22.22,0,70.37,7.41
170127_018,2.49,19.01,4.76,90.48,100,2017-01-27T17:47:00.000Z,2017-01-27T17:48:45.000Z,00:11:81:10:01:0c,W2-6F,11,1,"[ { ""$date"" : ""2017-01-28T02:47:19.000+0900"" }, { ""$date"" : ""2017-01-28T02:47:40.000+0900"" }, { ""$date"" : ""2017-01-28T02:48:07.000+0900"" }, { ""$date"" : ""2017-01-28T02:48:17.000+0900"" } ]","[ 9, 8, 6, 5 ]",19.05,0,71.43,9.52
170127_019,0.95,7.27,2.5,100,100,2017-01-27T17:47:00.000Z,2017-01-27T17:48:45.000Z,00:11:81:10:01:0e,W2-6F,11,1,"[ { ""$date"" : ""2017-01-28T02:47:19.000+0900"" }, { ""$date"" : ""2017-01-28T02:47:40.000+0900"" }, { ""$date"" : ""2017-01-28T02:48:07.000+0900"" }, { ""$date"" : ""2017-01-28T02:48:17.000+0900"" } ]","[ 9, 8, 6, 5 ]",19.05,0,80.95,0
170127_020,3.2,24.42,5.78,90.48,100,2017-01-27T17:47:00.000Z,2017-01-27T17:48:45.000Z,00:11:81:10:01:3d,W2-6F,11,1,"[ { ""$date"" : ""2017-01-28T02:47:19.000+0900"" }, { ""$date"" : ""2017-01-28T02:47:40.000+0900"" }, { ""$date"" : ""2017-01-28T02:48:07.000+0900"" }, { ""$date"" : ""2017-01-28T02:48:17.000+0900"" } ]","[ 9, 8, 6, 5 ]",9.52,9.52,71.43,9.52
170127_021,1.63,12.46,4.05,100,100,2017-01-27T17:50:00.000Z,2017-01-27T17:52:20.000Z,00:11:81:10:01:0c,W2-6F,21,11,"[ { ""$date"" : ""2017-01-28T02:50:14.000+0900"" }, { ""$date"" : ""2017-01-28T02:50:31.000+0900"" }, { ""$date"" : ""2017-01-28T02:50:41.000+0900"" }, { ""$date"" : ""2017-01-28T02:51:08.000+0900"" }, { ""$date"" : ""2017-01-28T02:51:25.000+0900"" }, { ""$date"" : ""2017-01-28T02:51:45.000+0900"" }, { ""$date"" : ""2017-01-28T02:52:00.000+0900"" } ]","[ 20, 5, 6, 8, 16, 12, 9 ]",21.43,3.57,75,0
170127_022,2.1,16.07,4.71,96.43,100,2017-01-27T17:50:00.000Z,2017-01-27T17:52:20.000Z,00:11:81:10:01:0e,W2-6F,21,11,"[ { ""$date"" : ""2017-01-28T02:50:14.000+0900"" }, { ""$date"" : ""2017-01-28T02:50:31.000+0900"" }, { ""$date"" : ""2017-01-28T02:50:41.000+0900"" }, { ""$date"" : ""2017-01-28T02:51:08.000+0900"" }, { ""$date"" : ""2017-01-28T02:51:25.000+0900"" }, { ""$date"" : ""2017-01-28T02:51:45.000+0900"" }, { ""$date"" : ""2017-01-28T02:52:00.000+0900"" } ]","[ 20, 5, 6, 8, 16, 12, 9 ]",17.86,7.14,71.43,3.57
170127_023,2.14,16.35,4.69,89.29,100,2017-01-27T17:50:00.000Z,2017-01-27T17:52:20.000Z,00:11:81:10:01:3d,W2-6F,21,11,"[ { ""$date"" : ""2017-01-28T02:50:14.000+0900"" }, { ""$date"" : ""2017-01-28T02:50:31.000+0900"" }, { ""$date"" : ""2017-01-28T02:50:41.000+0900"" }, { ""$date"" : ""2017-01-28T02:51:08.000+0900"" }, { ""$date"" : ""2017-01-28T02:51:25.000+0900"" }, { ""$date"" : ""2017-01-28T02:51:45.000+0900"" }, { ""$date"" : ""2017-01-28T02:52:00.000+0900"" } ]","[ 20, 5, 6, 8, 16, 12, 9 ]",14.29,7.14,67.86,10.71
170127_024,7.22,55.18,9.02,85,83.33,2017-01-27T17:53:00.000Z,2017-01-27T17:55:00.000Z,00:11:81:10:01:0c,W2-6F,8,8,"[ { ""$date"" : ""2017-01-28T02:53:10.000+0900"" }, { ""$date"" : ""2017-01-28T02:53:20.000+0900"" }, { ""$date"" : ""2017-01-28T02:53:30.000+0900"" }, { ""$date"" : ""2017-01-28T02:53:40.000+0900"" }, { ""$date"" : ""2017-01-28T02:53:50.000+0900"" }, { ""$date"" : ""2017-01-28T02:54:00.000+0900"" }, { ""$date"" : ""2017-01-28T02:54:10.000+0900"" }, { ""$date"" : ""2017-01-28T02:54:20.000+0900"" }, { ""$date"" : ""2017-01-28T02:54:30.000+0900"" }, { ""$date"" : ""2017-01-28T02:54:40.000+0900"" }, { ""$date"" : ""2017-01-28T02:54:50.000+0900"" } ]","[ 24, 8, 24, 8, 24, 8, 24, 8, 24, 8, 24 ]",30,15,40,15
170127_025,3.51,26.81,6.48,95.83,100,2017-01-27T17:53:00.000Z,2017-01-27T17:55:00.000Z,00:11:81:10:01:0e,W2-6F,8,8,"[ { ""$date"" : ""2017-01-28T02:53:10.000+0900"" }, { ""$date"" : ""2017-01-28T02:53:20.000+0900"" }, { ""$date"" : ""2017-01-28T02:53:30.000+0900"" }, { ""$date"" : ""2017-01-28T02:53:40.000+0900"" }, { ""$date"" : ""2017-01-28T02:53:50.000+0900"" }, { ""$date"" : ""2017-01-28T02:54:00.000+0900"" }, { ""$date"" : ""2017-01-28T02:54:10.000+0900"" }, { ""$date"" : ""2017-01-28T02:54:20.000+0900"" }, { ""$date"" : ""2017-01-28T02:54:30.000+0900"" }, { ""$date"" : ""2017-01-28T02:54:40.000+0900"" }, { ""$date"" : ""2017-01-28T02:54:50.000+0900"" } ]","[ 24, 8, 24, 8, 24, 8, 24, 8, 24, 8, 24 ]",45.83,4.17,45.83,4.17
170127_026,3.13,23.89,6.25,100,100,2017-01-27T17:53:00.000Z,2017-01-27T17:55:00.000Z,00:11:81:10:01:3d,W2-6F,8,8,"[ { ""$date"" : ""2017-01-28T02:53:10.000+0900"" }, { ""$date"" : ""2017-01-28T02:53:20.000+0900"" }, { ""$date"" : ""2017-01-28T02:53:30.000+0900"" }, { ""$date"" : ""2017-01-28T02:53:40.000+0900"" }, { ""$date"" : ""2017-01-28T02:53:50.000+0900"" }, { ""$date"" : ""2017-01-28T02:54:00.000+0900"" }, { ""$date"" : ""2017-01-28T02:54:10.000+0900"" }, { ""$date"" : ""2017-01-28T02:54:20.000+0900"" }, { ""$date"" : ""2017-01-28T02:54:30.000+0900"" }, { ""$date"" : ""2017-01-28T02:54:40.000+0900"" }, { ""$date"" : ""2017-01-28T02:54:50.000+0900"" } ]","[ 24, 8, 24, 8, 24, 8, 24, 8, 24, 8, 24 ]",50,0,50,0
170127_027,1.47,11.23,2.25,95,100,2017-01-27T18:03:30.000Z,2017-01-27T18:13:30.000Z,00:11:81:10:01:3f,W2-7F,5,5,[],[],80.83,14.17,0,5
170127_028,1.19,9.05,1.78,97.5,100,2017-01-27T18:03:30.000Z,2017-01-27T18:13:30.000Z,00:11:81:10:01:41,W2-7F,5,5,[],[],83.33,14.17,0,2.5
170127_029,1.91,14.58,2.72,99.17,100,2017-01-27T18:03:30.000Z,2017-01-27T18:13:30.000Z,00:11:81:10:01:43,W2-7F,7,7,[],[],84.17,15,0,0.83
170127_030,1.02,7.77,1.3,99.17,100,2017-01-27T18:03:30.000Z,2017-01-27T18:13:30.000Z,00:11:81:10:01:45,W2-7F,7,7,[],[],94.17,5,0,0.83
170127_031,2.12,16.22,3.28,98.33,100,2017-01-27T17:58:00.000Z,2017-01-27T18:08:00.000Z,00:11:81:10:01:46,W2-7F,16,16,[],[],65,33.33,0,1.67
170127_032,0.28,2.13,0.45,100,100,2017-01-27T17:58:00.000Z,2017-01-27T18:08:00.000Z,00:11:81:10:01:4a,W2-7F,16,16,[],[],95,5,0,0
170127_033,3.79,28.95,6.72,90.99,92.5,2017-01-27T17:58:00.000Z,2017-01-27T18:08:00.000Z,00:11:81:10:01:48,W2-7F,21,20,[],[],0,0,90.99,9.01
170127_034,3.67,28.03,6.99,95,100,2017-01-27T17:58:00.000Z,2017-01-27T18:08:00.000Z,00:11:81:10:01:47,W2-7F,21,20,[],[],0,0,95,5
170127_038,2.67,20.42,4.56,89.19,100,2017-01-27T18:11:10.000Z,2017-01-27T18:14:18.000Z,00:11:81:10:01:1b,W2-7F,1,1,"[ { ""$date"" : ""2017-01-28T03:11:39.000+0900"" }, { ""$date"" : ""2017-01-28T03:12:12.000+0900"" }, { ""$date"" : ""2017-01-28T03:12:31.000+0900"" }, { ""$date"" : ""2017-01-28T03:12:45.000+0900"" }, { ""$date"" : ""2017-01-28T03:13:04.000+0900"" }, { ""$date"" : ""2017-01-28T03:13:36.000+0900"" }, { ""$date"" : ""2017-01-28T03:13:51.000+0900"" } ]","[ 5, 8, 9, 12, 16, 21, 5 ]",24.32,2.7,62.16,10.81
170127_039,2.09,15.94,3.92,94.29,94.59,2017-01-27T18:11:10.000Z,2017-01-27T18:14:18.000Z,00:11:81:10:01:00,W2-7F,1,1,"[ { ""$date"" : ""2017-01-28T03:11:39.000+0900"" }, { ""$date"" : ""2017-01-28T03:12:12.000+0900"" }, { ""$date"" : ""2017-01-28T03:12:31.000+0900"" }, { ""$date"" : ""2017-01-28T03:12:45.000+0900"" }, { ""$date"" : ""2017-01-28T03:13:04.000+0900"" }, { ""$date"" : ""2017-01-28T03:13:36.000+0900"" }, { ""$date"" : ""2017-01-28T03:13:51.000+0900"" } ]","[ 5, 8, 9, 12, 16, 21, 5 ]",17.14,11.43,65.71,5.71
170127_040,2.09,15.98,4.18,94.59,100,2017-01-27T18:11:10.000Z,2017-01-27T18:14:18.000Z,00:11:81:10:01:0d,W2-7F,1,1,"[ { ""$date"" : ""2017-01-28T03:11:39.000+0900"" }, { ""$date"" : ""2017-01-28T03:12:12.000+0900"" }, { ""$date"" : ""2017-01-28T03:12:31.000+0900"" }, { ""$date"" : ""2017-01-28T03:12:45.000+0900"" }, { ""$date"" : ""2017-01-28T03:13:04.000+0900"" }, { ""$date"" : ""2017-01-28T03:13:36.000+0900"" }, { ""$date"" : ""2017-01-28T03:13:51.000+0900"" } ]","[ 5, 8, 9, 12, 16, 21, 5 ]",18.92,10.81,64.86,5.41
170127_041,3.64,27.8,6.13,85,100,2017-01-27T18:00:00.000Z,2017-01-27T18:01:40.000Z,00:11:81:10:01:0c,W2-7F,11,1,"[ { ""$date"" : ""2017-01-28T03:00:16.000+0900"" }, { ""$date"" : ""2017-01-28T03:00:37.000+0900"" }, { ""$date"" : ""2017-01-28T03:01:01.000+0900"" }, { ""$date"" : ""2017-01-28T03:01:13.000+0900"" } ]","[ 9, 8, 6, 5 ]",5,15,65,15
170127_042,6.8,51.98,8.27,80,100,2017-01-27T18:00:00.000Z,2017-01-27T18:01:40.000Z,00:11:81:10:01:0e,W2-7F,11,1,"[ { ""$date"" : ""2017-01-28T03:00:16.000+0900"" }, { ""$date"" : ""2017-01-28T03:00:37.000+0900"" }, { ""$date"" : ""2017-01-28T03:01:01.000+0900"" }, { ""$date"" : ""2017-01-28T03:01:13.000+0900"" } ]","[ 9, 8, 6, 5 ]",15,5,60,20
170127_043,10.49,80.15,12.38,56.25,80,2017-01-27T18:00:00.000Z,2017-01-27T18:01:40.000Z,00:11:81:10:01:3d,W2-7F,11,1,"[ { ""$date"" : ""2017-01-28T03:00:16.000+0900"" }, { ""$date"" : ""2017-01-28T03:00:37.000+0900"" }, { ""$date"" : ""2017-01-28T03:01:01.000+0900"" }, { ""$date"" : ""2017-01-28T03:01:13.000+0900"" } ]","[ 9, 8, 6, 5 ]",12.5,6.25,37.5,43.75
170127_044,3.92,29.92,6.22,85.19,100,2017-01-27T18:02:40.000Z,2017-01-27T18:04:55.000Z,00:11:81:10:01:0c,W2-7F,22,11,"[ { ""$date"" : ""2017-01-28T03:02:55.000+0900"" }, { ""$date"" : ""2017-01-28T03:03:11.000+0900"" }, { ""$date"" : ""2017-01-28T03:03:22.000+0900"" }, { ""$date"" : ""2017-01-28T03:03:45.000+0900"" }, { ""$date"" : ""2017-01-28T03:04:02.000+0900"" }, { ""$date"" : ""2017-01-28T03:04:23.000+0900"" }, { ""$date"" : ""2017-01-28T03:04:37.000+0900"" } ]","[ 21, 5, 6, 8, 16, 12, 9 ]",7.41,11.11,66.67,14.81
170127_045,2.15,16.44,4.5,92.59,100,2017-01-27T18:02:40.000Z,2017-01-27T18:04:55.000Z,00:11:81:10:01:0e,W2-7F,22,11,"[ { ""$date"" : ""2017-01-28T03:02:55.000+0900"" }, { ""$date"" : ""2017-01-28T03:03:11.000+0900"" }, { ""$date"" : ""2017-01-28T03:03:22.000+0900"" }, { ""$date"" : ""2017-01-28T03:03:45.000+0900"" }, { ""$date"" : ""2017-01-28T03:04:02.000+0900"" }, { ""$date"" : ""2017-01-28T03:04:23.000+0900"" }, { ""$date"" : ""2017-01-28T03:04:37.000+0900"" } ]","[ 21, 5, 6, 8, 16, 12, 9 ]",7.41,11.11,74.07,7.41
170127_046,2.53,19.32,5.03,96.3,100,2017-01-27T18:02:40.000Z,2017-01-27T18:04:55.000Z,00:11:81:10:01:3d,W2-7F,22,11,"[ { ""$date"" : ""2017-01-28T03:02:55.000+0900"" }, { ""$date"" : ""2017-01-28T03:03:11.000+0900"" }, { ""$date"" : ""2017-01-28T03:03:22.000+0900"" }, { ""$date"" : ""2017-01-28T03:03:45.000+0900"" }, { ""$date"" : ""2017-01-28T03:04:02.000+0900"" }, { ""$date"" : ""2017-01-28T03:04:23.000+0900"" }, { ""$date"" : ""2017-01-28T03:04:37.000+0900"" } ]","[ 21, 5, 6, 8, 16, 12, 9 ]",7.41,11.11,77.78,3.7
170127_047,4.12,31.51,6.24,87.5,100,2017-01-27T18:05:30.000Z,2017-01-27T18:07:30.000Z,00:11:81:10:01:0c,W2-7F,8,8,"[ { ""$date"" : ""2017-01-28T03:05:40.000+0900"" }, { ""$date"" : ""2017-01-28T03:05:50.000+0900"" }, { ""$date"" : ""2017-01-28T03:06:00.000+0900"" }, { ""$date"" : ""2017-01-28T03:06:10.000+0900"" }, { ""$date"" : ""2017-01-28T03:06:20.000+0900"" }, { ""$date"" : ""2017-01-28T03:06:30.000+0900"" }, { ""$date"" : ""2017-01-28T03:06:40.000+0900"" }, { ""$date"" : ""2017-01-28T03:06:50.000+0900"" }, { ""$date"" : ""2017-01-28T03:07:00.000+0900"" }, { ""$date"" : ""2017-01-28T03:07:10.000+0900"" }, { ""$date"" : ""2017-01-28T03:07:20.000+0900"" } ]","[ 27, 8, 27, 8, 27, 8, 27, 8, 27, 8, 27 ]",41.67,4.17,41.67,12.5
170127_048,3.77,28.83,6.11,91.67,100,2017-01-27T18:05:30.000Z,2017-01-27T18:07:30.000Z,00:11:81:10:01:0e,W2-7F,8,8,"[ { ""$date"" : ""2017-01-28T03:05:40.000+0900"" }, { ""$date"" : ""2017-01-28T03:05:50.000+0900"" }, { ""$date"" : ""2017-01-28T03:06:00.000+0900"" }, { ""$date"" : ""2017-01-28T03:06:10.000+0900"" }, { ""$date"" : ""2017-01-28T03:06:20.000+0900"" }, { ""$date"" : ""2017-01-28T03:06:30.000+0900"" }, { ""$date"" : ""2017-01-28T03:06:40.000+0900"" }, { ""$date"" : ""2017-01-28T03:06:50.000+0900"" }, { ""$date"" : ""2017-01-28T03:07:00.000+0900"" }, { ""$date"" : ""2017-01-28T03:07:10.000+0900"" }, { ""$date"" : ""2017-01-28T03:07:20.000+0900"" } ]","[ 27, 8, 27, 8, 27, 8, 27, 8, 27, 8, 27 ]",50,0,41.67,8.33
170127_049,3.88,29.62,5.49,91.67,100,2017-01-27T18:05:30.000Z,2017-01-27T18:07:30.000Z,00:11:81:10:01:3d,W2-7F,8,8,"[ { ""$date"" : ""2017-01-28T03:05:40.000+0900"" }, { ""$date"" : ""2017-01-28T03:05:50.000+0900"" }, { ""$date"" : ""2017-01-28T03:06:00.000+0900"" }, { ""$date"" : ""2017-01-28T03:06:10.000+0900"" }, { ""$date"" : ""2017-01-28T03:06:20.000+0900"" }, { ""$date"" : ""2017-01-28T03:06:30.000+0900"" }, { ""$date"" : ""2017-01-28T03:06:40.000+0900"" }, { ""$date"" : ""2017-01-28T03:06:50.000+0900"" }, { ""$date"" : ""2017-01-28T03:07:00.000+0900"" }, { ""$date"" : ""2017-01-28T03:07:10.000+0900"" }, { ""$date"" : ""2017-01-28T03:07:20.000+0900"" } ]","[ 27, 8, 27, 8, 27, 8, 27, 8, 27, 8, 27 ]",37.5,8.33,45.83,8.33
170127_050,1.33,10.16,2.07,100,100,2017-01-27T18:19:00.000Z,2017-01-27T18:29:00.000Z,00:11:81:10:01:3f,W2-9F,5,5,[],[],76.67,23.33,0,0
170127_051,0.56,4.29,0.9,100,100,2017-01-27T18:19:00.000Z,2017-01-27T18:29:00.000Z,00:11:81:10:01:41,W2-9F,5,5,[],[],90,10,0,0
170127_052,1.86,14.24,2.68,95,100,2017-01-27T18:19:00.000Z,2017-01-27T18:29:00.000Z,00:11:81:10:01:43,W2-9F,7,7,[],[],85,10,0,5
170127_053,0.7,5.38,1.1,100,100,2017-01-27T18:19:00.000Z,2017-01-27T18:29:00.000Z,00:11:81:10:01:45,W2-9F,7,7,[],[],90,10,0,0
170127_054,1.69,12.89,2.26,95,100,2017-01-27T18:12:00.000Z,2017-01-27T18:22:00.000Z,00:11:81:10:01:46,W2-9F,18,18,[],[],88.33,6.67,0,5
170127_055,1.23,9.4,1.81,98.33,100,2017-01-27T18:12:00.000Z,2017-01-27T18:22:00.000Z,00:11:81:10:01:4a,W2-9F,18,18,[],[],88.33,10,0,1.67
170127_056,5.41,41.34,8.58,81.67,100,2017-01-27T18:12:00.000Z,2017-01-27T18:22:00.000Z,00:11:81:10:01:48,W2-9F,22,21,[],[],0,0,81.67,18.33
170127_057,3.46,26.4,5.89,92.5,100,2017-01-27T18:12:00.000Z,2017-01-27T18:22:00.000Z,00:11:81:10:01:47,W2-9F,22,21,[],[],0,0,92.5,7.5
170127_058,2.08,15.9,4.92,100,100,2017-01-27T18:21:30.000Z,2017-01-27T18:22:48.000Z,00:11:81:10:01:1b,W2-9F,14,23,"[ { ""$date"" : ""2017-01-28T03:21:41.000+0900"" }, { ""$date"" : ""2017-01-28T03:22:10.000+0900"" }, { ""$date"" : ""2017-01-28T03:22:36.000+0900"" } ]","[ 15, 18, 22 ]",20,6.67,73.33,0
170127_059,3.07,23.49,6.15,100,100,2017-01-27T18:21:30.000Z,2017-01-27T18:22:48.000Z,00:11:81:10:01:00,W2-9F,14,23,"[ { ""$date"" : ""2017-01-28T03:21:41.000+0900"" }, { ""$date"" : ""2017-01-28T03:22:10.000+0900"" }, { ""$date"" : ""2017-01-28T03:22:36.000+0900"" } ]","[ 15, 18, 22 ]",20,6.67,73.33,0
170127_060,1.64,12.52,4.16,100,100,2017-01-27T18:21:30.000Z,2017-01-27T18:22:48.000Z,00:11:81:10:01:0d,W2-9F,14,23,"[ { ""$date"" : ""2017-01-28T03:21:41.000+0900"" }, { ""$date"" : ""2017-01-28T03:22:10.000+0900"" }, { ""$date"" : ""2017-01-28T03:22:36.000+0900"" } ]","[ 15, 18, 22 ]",26.67,0,73.33,0
170127_061,2.71,20.67,4.38,87.1,83.78,2017-01-27T18:28:30.000Z,2017-01-27T18:31:37.000Z,00:11:81:10:01:1b,W2-9F,1,1,"[ { ""$date"" : ""2017-01-28T03:28:56.000+0900"" }, { ""$date"" : ""2017-01-28T03:29:21.000+0900"" }, { ""$date"" : ""2017-01-28T03:29:51.000+0900"" }, { ""$date"" : ""2017-01-28T03:30:05.000+0900"" }, { ""$date"" : ""2017-01-28T03:30:32.000+0900"" }, { ""$date"" : ""2017-01-28T03:30:58.000+0900"" }, { ""$date"" : ""2017-01-28T03:31:12.000+0900"" } ]","[ 5, 8, 12, 15, 18, 22, 5 ]",16.13,6.45,64.52,12.9
170127_062,2.08,15.9,4.31,94.59,100,2017-01-27T18:28:30.000Z,2017-01-27T18:31:37.000Z,00:11:81:10:01:00,W2-9F,1,1,"[ { ""$date"" : ""2017-01-28T03:28:56.000+0900"" }, { ""$date"" : ""2017-01-28T03:29:21.000+0900"" }, { ""$date"" : ""2017-01-28T03:29:51.000+0900"" }, { ""$date"" : ""2017-01-28T03:30:05.000+0900"" }, { ""$date"" : ""2017-01-28T03:30:32.000+0900"" }, { ""$date"" : ""2017-01-28T03:30:58.000+0900"" }, { ""$date"" : ""2017-01-28T03:31:12.000+0900"" } ]","[ 5, 8, 12, 15, 18, 22, 5 ]",13.51,8.11,72.97,5.41
170127_063,2.33,17.77,4.7,89.19,100,2017-01-27T18:28:30.000Z,2017-01-27T18:31:37.000Z,00:11:81:10:01:0d,W2-9F,1,1,"[ { ""$date"" : ""2017-01-28T03:28:56.000+0900"" }, { ""$date"" : ""2017-01-28T03:29:21.000+0900"" }, { ""$date"" : ""2017-01-28T03:29:51.000+0900"" }, { ""$date"" : ""2017-01-28T03:30:05.000+0900"" }, { ""$date"" : ""2017-01-28T03:30:32.000+0900"" }, { ""$date"" : ""2017-01-28T03:30:58.000+0900"" }, { ""$date"" : ""2017-01-28T03:31:12.000+0900"" } ]","[ 5, 8, 12, 15, 18, 22, 5 ]",16.22,5.41,67.57,10.81
170127_064,1.73,13.21,3.94,96.43,100,2017-01-27T18:32:00.000Z,2017-01-27T18:34:22.000Z,00:11:81:10:01:1b,W2-9F,1,14,"[ { ""$date"" : ""2017-01-28T03:32:27.000+0900"" }, { ""$date"" : ""2017-01-28T03:32:42.000+0900"" }, { ""$date"" : ""2017-01-28T03:33:10.000+0900"" }, { ""$date"" : ""2017-01-28T03:33:24.000+0900"" }, { ""$date"" : ""2017-01-28T03:33:54.000+0900"" }, { ""$date"" : ""2017-01-28T03:34:10.000+0900"" } ]","[ 5, 22, 18, 8, 12, 15 ]",21.43,7.14,67.86,3.57
170127_065,2.79,21.33,4.79,89.29,100,2017-01-27T18:32:00.000Z,2017-01-27T18:34:22.000Z,00:11:81:10:01:00,W2-9F,1,14,"[ { ""$date"" : ""2017-01-28T03:32:27.000+0900"" }, { ""$date"" : ""2017-01-28T03:32:42.000+0900"" }, { ""$date"" : ""2017-01-28T03:33:10.000+0900"" }, { ""$date"" : ""2017-01-28T03:33:24.000+0900"" }, { ""$date"" : ""2017-01-28T03:33:54.000+0900"" }, { ""$date"" : ""2017-01-28T03:34:10.000+0900"" } ]","[ 5, 22, 18, 8, 12, 15 ]",17.86,7.14,64.29,10.71
170127_066,1.9,14.48,4.24,96.43,100,2017-01-27T18:32:00.000Z,2017-01-27T18:34:22.000Z,00:11:81:10:01:0d,W2-9F,1,14,"[ { ""$date"" : ""2017-01-28T03:32:27.000+0900"" }, { ""$date"" : ""2017-01-28T03:32:42.000+0900"" }, { ""$date"" : ""2017-01-28T03:33:10.000+0900"" }, { ""$date"" : ""2017-01-28T03:33:24.000+0900"" }, { ""$date"" : ""2017-01-28T03:33:54.000+0900"" }, { ""$date"" : ""2017-01-28T03:34:10.000+0900"" } ]","[ 5, 22, 18, 8, 12, 15 ]",21.43,7.14,67.86,3.57
170127_067,3.51,26.78,5.52,89.47,100,2017-01-27T18:13:00.000Z,2017-01-27T18:14:35.000Z,00:11:81:10:01:0c,W2-9F,13,1,"[ { ""$date"" : ""2017-01-28T03:13:12.000+0900"" }, { ""$date"" : ""2017-01-28T03:13:42.000+0900"" }, { ""$date"" : ""2017-01-28T03:14:01.000+0900"" }, { ""$date"" : ""2017-01-28T03:14:10.000+0900"" } ]","[ 12, 8, 6, 5 ]",10.53,15.79,63.16,10.53
170127_068,3.61,27.61,5.96,92.31,68.42,2017-01-27T18:13:00.000Z,2017-01-27T18:14:35.000Z,00:11:81:10:01:0e,W2-9F,13,1,"[ { ""$date"" : ""2017-01-28T03:13:12.000+0900"" }, { ""$date"" : ""2017-01-28T03:13:42.000+0900"" }, { ""$date"" : ""2017-01-28T03:14:01.000+0900"" }, { ""$date"" : ""2017-01-28T03:14:10.000+0900"" } ]","[ 12, 8, 6, 5 ]",0,15.38,76.92,7.69
170127_069,1.65,12.62,3.57,84.21,100,2017-01-27T18:13:00.000Z,2017-01-27T18:14:35.000Z,00:11:81:10:01:3d,W2-9F,13,1,"[ { ""$date"" : ""2017-01-28T03:13:12.000+0900"" }, { ""$date"" : ""2017-01-28T03:13:42.000+0900"" }, { ""$date"" : ""2017-01-28T03:14:01.000+0900"" }, { ""$date"" : ""2017-01-28T03:14:10.000+0900"" } ]","[ 12, 8, 6, 5 ]",15.79,10.53,57.89,15.79
170127_070,4.06,30.98,6.66,82.76,100,2017-01-27T18:15:20.000Z,2017-01-27T18:17:45.000Z,00:11:81:10:01:0c,W2-9F,23,13,"[ { ""$date"" : ""2017-01-28T03:15:35.000+0900"" }, { ""$date"" : ""2017-01-28T03:15:57.000+0900"" }, { ""$date"" : ""2017-01-28T03:16:08.000+0900"" }, { ""$date"" : ""2017-01-28T03:16:27.000+0900"" }, { ""$date"" : ""2017-01-28T03:16:43.000+0900"" }, { ""$date"" : ""2017-01-28T03:17:15.000+0900"" }, { ""$date"" : ""2017-01-28T03:17:31.000+0900"" } ]","[ 22, 5, 6, 8, 18, 15, 12 ]",17.24,3.45,62.07,17.24
170127_071,2.47,18.86,4.83,96.55,100,2017-01-27T18:15:20.000Z,2017-01-27T18:17:45.000Z,00:11:81:10:01:0e,W2-9F,23,13,"[ { ""$date"" : ""2017-01-28T03:15:35.000+0900"" }, { ""$date"" : ""2017-01-28T03:15:57.000+0900"" }, { ""$date"" : ""2017-01-28T03:16:08.000+0900"" }, { ""$date"" : ""2017-01-28T03:16:27.000+0900"" }, { ""$date"" : ""2017-01-28T03:16:43.000+0900"" }, { ""$date"" : ""2017-01-28T03:17:15.000+0900"" }, { ""$date"" : ""2017-01-28T03:17:31.000+0900"" } ]","[ 22, 5, 6, 8, 18, 15, 12 ]",13.79,6.9,75.86,3.45
170127_072,2.82,21.55,5.35,89.66,100,2017-01-27T18:15:20.000Z,2017-01-27T18:17:45.000Z,00:11:81:10:01:3d,W2-9F,23,13,"[ { ""$date"" : ""2017-01-28T03:15:35.000+0900"" }, { ""$date"" : ""2017-01-28T03:15:57.000+0900"" }, { ""$date"" : ""2017-01-28T03:16:08.000+0900"" }, { ""$date"" : ""2017-01-28T03:16:27.000+0900"" }, { ""$date"" : ""2017-01-28T03:16:43.000+0900"" }, { ""$date"" : ""2017-01-28T03:17:15.000+0900"" }, { ""$date"" : ""2017-01-28T03:17:31.000+0900"" } ]","[ 22, 5, 6, 8, 18, 15, 12 ]",17.24,3.45,68.97,10.34
170127_073,3.79,28.98,5.47,91.67,100,2017-01-27T18:18:50.000Z,2017-01-27T18:20:50.000Z,00:11:81:10:01:0c,W2-9F,8,27,"[ { ""$date"" : ""2017-01-28T03:19:00.000+0900"" }, { ""$date"" : ""2017-01-28T03:19:10.000+0900"" }, { ""$date"" : ""2017-01-28T03:19:20.000+0900"" }, { ""$date"" : ""2017-01-28T03:19:30.000+0900"" }, { ""$date"" : ""2017-01-28T03:19:40.000+0900"" }, { ""$date"" : ""2017-01-28T03:19:50.000+0900"" }, { ""$date"" : ""2017-01-28T03:20:00.000+0900"" }, { ""$date"" : ""2017-01-28T03:20:10.000+0900"" }, { ""$date"" : ""2017-01-28T03:20:20.000+0900"" }, { ""$date"" : ""2017-01-28T03:20:30.000+0900"" }, { ""$date"" : ""2017-01-28T03:20:40.000+0900"" } ]","[ 27, 8, 27, 8, 27, 8, 27, 8, 27, 8, 27 ]",41.67,4.17,45.83,8.33
170127_074,4.42,33.76,6.71,91.67,100,2017-01-27T18:18:50.000Z,2017-01-27T18:20:50.000Z,00:11:81:10:01:0e,W2-9F,8,27,"[ { ""$date"" : ""2017-01-28T03:19:00.000+0900"" }, { ""$date"" : ""2017-01-28T03:19:10.000+0900"" }, { ""$date"" : ""2017-01-28T03:19:20.000+0900"" }, { ""$date"" : ""2017-01-28T03:19:30.000+0900"" }, { ""$date"" : ""2017-01-28T03:19:40.000+0900"" }, { ""$date"" : ""2017-01-28T03:19:50.000+0900"" }, { ""$date"" : ""2017-01-28T03:20:00.000+0900"" }, { ""$date"" : ""2017-01-28T03:20:10.000+0900"" }, { ""$date"" : ""2017-01-28T03:20:20.000+0900"" }, { ""$date"" : ""2017-01-28T03:20:30.000+0900"" }, { ""$date"" : ""2017-01-28T03:20:40.000+0900"" } ]","[ 27, 8, 27, 8, 27, 8, 27, 8, 27, 8, 27 ]",45.83,0,45.83,8.33
170127_075,2.72,20.74,2.59,91.67,100,2017-01-27T18:18:50.000Z,2017-01-27T18:20:50.000Z,00:11:81:10:01:3d,W2-9F,8,27,"[ { ""$date"" : ""2017-01-28T03:19:00.000+0900"" }, { ""$date"" : ""2017-01-28T03:19:10.000+0900"" }, { ""$date"" : ""2017-01-28T03:19:20.000+0900"" }, { ""$date"" : ""2017-01-28T03:19:30.000+0900"" }, { ""$date"" : ""2017-01-28T03:19:40.000+0900"" }, { ""$date"" : ""2017-01-28T03:19:50.000+0900"" }, { ""$date"" : ""2017-01-28T03:20:00.000+0900"" }, { ""$date"" : ""2017-01-28T03:20:10.000+0900"" }, { ""$date"" : ""2017-01-28T03:20:20.000+0900"" }, { ""$date"" : ""2017-01-28T03:20:30.000+0900"" }, { ""$date"" : ""2017-01-28T03:20:40.000+0900"" } ]","[ 27, 8, 27, 8, 27, 8, 27, 8, 27, 8, 27 ]",41.67,4.17,45.83,8.33
,2.808194444,,4.623472222,,,,,,,,,,,,,,
