exp_id,mac,floor,st_node,ed_node,common_dt,st_dt,ed_dt,via_nodes_list,via_dts_list,stay_pos_list,tag_id,
161020_001,00:11:81:10:01:17,W2-8F,15,15,20161020,111920,113035,[],[],[],0,
161020_002,00:11:81:10:01:1c,W2-8F,15,15,20161020,111920,113035,[],[],[],0,
161020_003,00:11:81:10:01:1a,W2-8F,4,4,20161020,112200,113500,[],[],[],0,
161020_004,00:11:81:10:01:23,W2-8F,4,4,20161020,112200,113500,[],[],[],0,
161020_005,00:11:81:10:01:17,W2-8F,8,8,20161020,113800,115300,[],[],[],0,
161020_006,00:11:81:10:01:1c,W2-8F,8,8,20161020,113800,115300,[],[],[],0,
161020_007,00:11:81:10:01:1a,W2-8F,12,12,20161020,113750,115335,[],[],[],0,
161020_008,00:11:81:10:01:23,W2-8F,12,12,20161020,113750,115335,[],[],[],0,
161020_009,00:11:81:10:01:17,W2-7F,5,5,20161020,115600,120920,[],[],[],0,
161020_010,00:11:81:10:01:1c,W2-7F,5,5,20161020,115600,120920,[],[],[],0,
161020_011,00:11:81:10:01:1a,W2-7F,16,16,20161020,115615,120915,[],[],[],0,
161020_012,00:11:81:10:01:23,W2-7F,16,16,20161020,115615,120915,[],[],[],0,
161020_013,00:11:81:10:01:17,W2-7F,7,7,20161020,121030,122850,[],[],[],0,
161020_014,00:11:81:10:01:1c,W2-7F,7,7,20161020,121030,122850,[],[],[],0,
161020_015,00:11:81:10:01:1a,W2-7F,20,20,20161020,121040,122840,[],[],[],0,
161020_016,00:11:81:10:01:23,W2-7F,20,20,20161020,121040,122840,[],[],[],0,
161020_017,00:11:81:10:01:1c,W2-7F,1,1,20161020,125800,130126,"[5,7,9,12,17,21,5]","[125827,125854,125925,125942,130010,130041,130058]",[],0,
161020_018,00:11:81:10:01:17,W2-7F,1,1,20161020,125800,130126,"[5,7,9,12,17,21,5]","[125827,125854,125925,125942,130010,130041,130058]",[],0,
161020_019,00:11:81:10:01:1c,W2-7F,1,1,2016102013,4300,4629,"[5,7,9,12,17,21,5]","[4328,4354,4427,4444,4513,4544,4601]",[],0,
161020_020,00:11:81:10:01:17,W2-7F,1,1,2016102013,4300,4629,"[5,7,9,12,17,21,5]","[4328,4354,4427,4444,4513,4544,4601]",[],0,
161020_021,00:11:81:10:01:1c,W2-7F,1,1,2016102013,4900,5229,"[5,7,9,12,17,21,5]","[4929,4954,5026,5043,5112,5143,5200]",[],0,
161020_022,00:11:81:10:01:17,W2-7F,1,1,2016102013,4900,5229,"[5,7,9,12,17,21,5]","[4929,4954,5026,5043,5112,5143,5200]",[],0,
161020_023,00:11:81:10:01:19,W2-7F,1,1,2016102013,4300,4617,"[5,21,17,12,9,7,5]","[4329,4343,4409,4437,4452,4524,4549]",[],0,
161020_024,00:11:81:10:01:1a,W2-7F,1,1,2016102013,4300,4617,"[5,21,17,12,9,7,5]","[4329,4343,4409,4437,4452,4524,4549]",[],0,
161020_025,00:11:81:10:01:19,W2-7F,1,1,2016102013,4900,5221,"[5,21,17,12,9,7,5]","[4929,4944,5011,5039,5055,5126,5151]",[],0,
161020_026,00:11:81:10:01:1a,W2-7F,1,1,2016102013,4900,5221,"[5,21,17,12,9,7,5]","[4929,4944,5011,5039,5055,5126,5151]",[],0,
161020_027,00:11:81:10:01:19,W2-7F,1,1,2016102013,5500,5818,"[5,21,17,12,9,7,5]","[5528,5545,5613,5639,5654,5725,5749]",[],0,
161020_028,00:11:81:10:01:1a,W2-7F,1,1,2016102013,5500,5818,"[5,21,17,12,9,7,5]","[5528,5545,5613,5639,5654,5725,5749]",[],0,
161128_001,00:11:81:10:01:1c,W2-9F,8,8,20161128,153600,155600,[],[],"[8,37.5,37.5,9]",0,
161128_002,00:11:81:10:01:19,W2-9F,8,8,20161128,153600,155600,[],[],1:01,0,
161128_003,00:11:81:10:01:17,W2-9F,5,5,20161128,153700,155900,[],[],1:01,0,
161128_004,00:11:81:10:01:1a,W2-9F,5,5,20161128,153700,155900,[],[],1:01,0,
161128_005,00:11:81:10:01:1c,W2-9F,12,12,20161128,155900,161900,[],[],1:01,0,
161128_006,00:11:81:10:01:19,W2-9F,12,12,20161128,155900,161900,[],[],1:01,0,
161128_007,00:11:81:10:01:17,W2-9F,22,22,20161128,160100,162100,[],[],[],0,
161128_008,00:11:81:10:01:1a,W2-9F,22,22,20161128,160100,162100,[],[],[],0,
161207_001,00:11:81:10:01:1c,W2-9F,8,8,20161207,182000,185000,[],[],[],0,
161207_002,00:11:81:10:01:1b,W2-9F,8,8,20161207,182000,185000,[],[],[],0,
161207_003,00:11:81:10:01:1e,W2-9F,8,8,20161207,182000,185000,[],[],[],0,
161207_004,00:11:81:10:01:1d,W2-9F,8,8,20161207,182000,185000,[],[],[],0,
161207_005,00:11:81:10:01:11,W2-9F,9,9,20161207,182000,185000,[],[],[],0,
161207_006,00:11:81:10:01:22,W2-9F,9,9,20161207,182000,185000,[],[],[],0,
161207_007,00:11:81:10:01:20,W2-9F,9,9,20161207,182000,185000,[],[],[],0,
161207_008,00:11:81:10:01:21,W2-9F,9,9,20161207,182000,185000,[],[],[],0,
161207_009,00:11:81:10:01:00,W2-9F,11,11,20161207,182000,185000,[],[],[],0,
161207_010,00:11:81:10:01:1,W2-9F,11,11,20161207,182000,185000,[],[],[],0,
161207_011,00:11:81:10:01:02,W2-9F,11,11,20161207,182000,185000,[],[],[],0,
161207_012,00:11:81:10:01:03,W2-9F,11,11,20161207,182000,185000,[],[],[],0,
161207_013,00:11:81:10:01:52,W2-9F,8,8,20161207,185500,192500,[],[],[],0,
161207_014,00:11:81:10:01:04,W2-9F,8,8,20161207,185500,192500,[],[],[],0,
161207_015,00:11:81:10:01:05,W2-9F,8,8,20161207,185500,192500,[],[],[],0,
161207_016,00:11:81:10:01:06,W2-9F,8,8,20161207,185500,192500,[],[],[],0,
161207_017,00:11:81:10:01:07,W2-9F,9,9,20161207,185500,192500,[],[],[],0,
161207_018,00:11:81:10:01:08,W2-9F,9,9,20161207,185500,192500,[],[],[],0,
161207_019,00:11:81:10:01:0a,W2-9F,9,9,20161207,185500,192500,[],[],[],0,
161207_020,00:11:81:10:01:0b,W2-9F,9,9,20161207,185500,192500,[],[],[],0,
161207_021,00:11:81:10:01:0d,W2-9F,11,11,20161207,185500,192500,[],[],[],0,
161207_022,00:11:81:10:01:0c,W2-9F,11,11,20161207,185500,192500,[],[],[],0,
161207_023,00:11:81:10:01:24,W2-9F,11,11,20161207,185500,192500,[],[],[],0,
161207_024,00:11:81:10:01:25,W2-9F,11,11,20161207,185500,192500,[],[],[],0,
161208_001,00:11:81:10:01:26,W2-9F,8,8,20161208,170200,173200,[],[],[],0,
161208_002,00:11:81:10:01:0e,W2-9F,8,8,20161208,170200,173200,[],[],[],0,
161208_003,00:11:81:10:01:0f,W2-9F,8,8,20161208,170200,173200,[],[],[],0,
161208_004,00:11:81:10:01:3d,W2-9F,8,8,20161208,170200,173200,[],[],[],0,
161208_005,00:11:81:10:01:3f,W2-9F,9,9,20161208,170200,173200,[],[],[],0,
161208_006,00:11:81:10:01:3e,W2-9F,9,9,20161208,170200,173200,[],[],[],0,
161208_007,00:11:81:10:01:40,W2-9F,9,9,20161208,170200,173200,[],[],[],0,
161208_008,00:11:81:10:01:41,W2-9F,9,9,20161208,170200,173200,[],[],[],0,
161208_009,00:11:81:10:01:43,W2-9F,11,11,20161208,170200,173200,[],[],[],0,
161208_010,00:11:81:10:01:44,W2-9F,11,11,20161208,170200,173200,[],[],[],0,
161208_011,00:11:81:10:01:45,W2-9F,11,11,20161208,170200,173200,[],[],[],0,
161208_012,00:11:81:10:01:46,W2-9F,11,11,20161208,170200,173200,[],[],[],0,
161208_013,00:11:81:10:01:42,W2-9F,8,8,20161208,174000,181000,[],[],[],0,
161208_014,00:11:81:10:01:4a,W2-9F,8,8,20161208,174000,181000,[],[],[],0,
161208_015,00:11:81:10:01:4c,W2-9F,8,8,20161208,174000,181000,[],[],[],0,
161208_016,00:11:81:10:01:48,W2-9F,8,8,20161208,174000,181000,[],[],[],0,
161208_017,00:11:81:10:01:49,W2-9F,9,9,20161208,174000,181000,[],[],[],0,
161208_018,00:11:81:10:01:47,W2-9F,9,9,20161208,174000,181000,[],[],[],0,
161208_019,00:11:81:10:01:28,W2-9F,9,9,20161208,174000,181000,[],[],[],0,
161208_020,00:11:81:10:01:29,W2-9F,9,9,20161208,174000,181000,[],[],[],0,
161208_021,00:11:81:10:01:2b,W2-9F,11,11,20161208,174000,181000,[],[],[],0,
161208_022,00:11:81:10:01:2c,W2-9F,11,11,20161208,174000,181000,[],[],[],0,
161208_023,00:11:81:10:01:2d,W2-9F,11,11,20161208,174000,181000,[],[],[],0,
161208_024,00:11:81:10:01:2e,W2-9F,11,11,20161208,174000,181000,[],[],[],0,
161213_001,00:11:81:10:01:1b,W2-9F,1,1,20161213,170600,171600,[],[],[],13,
161213_002,00:11:81:10:01:00,W2-9F,1,1,20161213,170600,171600,[],[],[],21,
161213_003,00:11:81:10:01:0c,W2-9F,1,1,20161213,170600,171600,[],[],[],35,
161213_004,00:11:81:10:01:0e,W2-9F,2,2,20161213,170600,171600,[],[],[],39,
161213_005,00:11:81:10:01:41,W2-9F,2,2,20161213,170600,171600,[],[],[],45,
161213_006,00:11:81:10:01:45,W2-9F,2,2,20161213,170600,171600,[],[],[],48,
161213_007,00:11:81:10:01:46,W2-9F,3,3,20161213,170600,171600,[],[],[],49,
161213_008,00:11:81:10:01:4a,W2-9F,3,3,20161213,170600,171600,[],[],[],51,
161213_009,00:11:81:10:01:48,W2-9F,3,3,20161213,170600,171600,[],[],[],53,
161213_010,00:11:81:10:01:47,W2-9F,4,4,20161213,170600,171600,[],[],[],55,
161213_011,00:11:81:10:01:2c,W2-9F,4,4,20161213,170600,171600,[],[],[],64,
161213_012,00:11:81:10:01:2e,W2-9F,4,4,20161213,170600,171600,[],[],[],66,
161213_013,00:11:81:10:01:1b,W2-9F,5,5,20161213,171900,172900,[],[],[],13,
161213_014,00:11:81:10:01:00,W2-9F,5,5,20161213,171900,172900,[],[],[],21,
161213_015,00:11:81:10:01:0c,W2-9F,5,5,20161213,171900,172900,[],[],[],35,
161213_016,00:11:81:10:01:0e,W2-9F,24,24,20161213,171900,172900,[],[],[],39,
161213_017,00:11:81:10:01:41,W2-9F,24,24,20161213,171900,172900,[],[],[],45,
161213_018,00:11:81:10:01:45,W2-9F,24,24,20161213,171900,172900,[],[],[],48,
161213_019,00:11:81:10:01:46,W2-9F,22,22,20161213,171900,172900,[],[],[],49,
161213_020,00:11:81:10:01:4a,W2-9F,22,22,20161213,171900,172900,[],[],[],51,
161213_021,00:11:81:10:01:48,W2-9F,22,22,20161213,171900,172900,[],[],[],53,
161213_022,00:11:81:10:01:47,W2-9F,23,23,20161213,171900,172900,[],[],[],55,
161213_023,00:11:81:10:01:2c,W2-9F,23,23,20161213,171900,172900,[],[],[],64,
161213_024,00:11:81:10:01:2e,W2-9F,23,23,20161213,171900,172900,[],[],[],66,
161213_025,00:11:81:10:01:1b,W2-9F,6,6,20161213,173200,174200,[],[],[],13,
161213_026,00:11:81:10:01:00,W2-9F,6,6,20161213,173200,174200,[],[],[],21,
161213_027,00:11:81:10:01:0c,W2-9F,6,6,20161213,173200,174200,[],[],[],35,
161213_028,00:11:81:10:01:0e,W2-9F,7,7,20161213,173200,174200,[],[],[],39,
161213_029,00:11:81:10:01:41,W2-9F,7,7,20161213,173200,174200,[],[],[],45,
161213_030,00:11:81:10:01:45,W2-9F,7,7,20161213,173200,174200,[],[],[],48,
161213_031,00:11:81:10:01:46,W2-9F,21,21,20161213,173200,174200,[],[],[],49,
161213_032,00:11:81:10:01:4a,W2-9F,21,21,20161213,173200,174200,[],[],[],51,
161213_033,00:11:81:10:01:48,W2-9F,21,21,20161213,173200,174200,[],[],[],53,
161213_034,00:11:81:10:01:47,W2-9F,19,19,20161213,173200,174200,[],[],[],55,
161213_035,00:11:81:10:01:2c,W2-9F,19,19,20161213,173200,174200,[],[],[],64,
161213_036,00:11:81:10:01:2e,W2-9F,19,19,20161213,173200,174200,[],[],[],66,
161213_037,00:11:81:10:01:1b,W2-9F,9,9,20161213,174400,175400,[],[],[],13,
161213_038,00:11:81:10:01:00,W2-9F,9,9,20161213,174400,175400,[],[],[],21,
161213_039,00:11:81:10:01:0c,W2-9F,9,9,20161213,174400,175400,[],[],[],35,
161213_040,00:11:81:10:01:0e,W2-9F,8,8,20161213,174400,175400,[],[],[],39,
161213_041,00:11:81:10:01:41,W2-9F,8,8,20161213,174400,175400,[],[],[],45,
161213_042,00:11:81:10:01:45,W2-9F,8,8,20161213,174400,175400,[],[],[],48,
161213_043,00:11:81:10:01:46,W2-9F,27,27,20161213,174400,175400,[],[],[],49,
161213_044,00:11:81:10:01:4a,W2-9F,27,27,20161213,174400,175400,[],[],[],51,
161213_045,00:11:81:10:01:48,W2-9F,27,27,20161213,174400,175400,[],[],[],53,
161213_046,00:11:81:10:01:47,W2-9F,18,18,20161213,174400,175400,[],[],[],55,
161213_047,00:11:81:10:01:2c,W2-9F,18,18,20161213,174400,175400,[],[],[],64,
161213_048,00:11:81:10:01:2e,W2-9F,18,18,20161213,174400,175400,[],[],[],66,
161213_049,00:11:81:10:01:1b,W2-9F,11,11,20161213,175600,180600,[],[],[],13,
161213_050,00:11:81:10:01:00,W2-9F,11,11,20161213,175600,180600,[],[],[],21,
161213_051,00:11:81:10:01:0c,W2-9F,11,11,20161213,175600,180600,[],[],[],35,
161213_052,00:11:81:10:01:0e,W2-9F,25,25,20161213,175600,180600,[],[],[],39,
161213_053,00:11:81:10:01:41,W2-9F,25,25,20161213,175600,180600,[],[],[],45,
161213_054,00:11:81:10:01:45,W2-9F,25,25,20161213,175600,180600,[],[],[],48,
161213_055,00:11:81:10:01:46,W2-9F,16,16,20161213,175600,180600,[],[],[],49,
161213_056,00:11:81:10:01:4a,W2-9F,16,16,20161213,175600,180600,[],[],[],51,
161213_057,00:11:81:10:01:48,W2-9F,16,16,20161213,175600,180600,[],[],[],53,
161213_058,00:11:81:10:01:47,W2-9F,17,17,20161213,175600,180600,[],[],[],55,
161213_059,00:11:81:10:01:2c,W2-9F,17,17,20161213,175600,180600,[],[],[],64,
161213_060,00:11:81:10:01:2e,W2-9F,17,17,20161213,175600,180600,[],[],[],66,
161213_061,00:11:81:10:01:1b,W2-9F,13,13,20161213,180800,181800,[],[],[],13,
161213_062,00:11:81:10:01:00,W2-9F,13,13,20161213,180800,181800,[],[],[],21,
161213_063,00:11:81:10:01:0c,W2-9F,13,13,20161213,180800,181800,[],[],[],35,
161213_064,00:11:81:10:01:0e,W2-9F,12,12,20161213,180800,181800,[],[],[],39,
161213_065,00:11:81:10:01:41,W2-9F,12,12,20161213,180800,181800,[],[],[],45,
161213_066,00:11:81:10:01:45,W2-9F,12,12,20161213,180800,181800,[],[],[],48,
161213_067,00:11:81:10:01:46,W2-9F,26,26,20161213,180800,181800,[],[],[],49,
161213_068,00:11:81:10:01:4a,W2-9F,26,26,20161213,180800,181800,[],[],[],51,
161213_069,00:11:81:10:01:48,W2-9F,26,26,20161213,180800,181800,[],[],[],53,
161213_070,00:11:81:10:01:47,W2-9F,15,15,20161213,180800,181800,[],[],[],55,
161213_071,00:11:81:10:01:2c,W2-9F,15,15,20161213,180800,181800,[],[],[],64,
161213_072,00:11:81:10:01:2e,W2-9F,15,15,20161213,180800,181800,[],[],[],66,
161213_073,00:11:81:10:01:1b,W2-9F,14,14,20161213,181900,182900,[],[],[],13,
161213_074,00:11:81:10:01:00,W2-9F,14,14,20161213,181900,182900,[],[],[],21,
161213_075,00:11:81:10:01:0c,W2-9F,14,14,20161213,181900,182900,[],[],[],35,
161213_076,00:11:81:10:01:0e,W2-9F,12,12,20161213,181900,182900,[],[],[],39,
161213_077,00:11:81:10:01:41,W2-9F,12,12,20161213,181900,182900,[],[],[],45,
161213_078,00:11:81:10:01:45,W2-9F,12,12,20161213,181900,182900,[],[],[],48,
161213_079,00:11:81:10:01:46,W2-9F,14,1,2016121318,2900,3050,"[15,12,8,5]","[2912,2926,2956,3023]",[],49,
161213_080,00:11:81:10:01:4a,W2-9F,14,1,2016121318,2900,3050,"[15,12,8,5]","[2912,2926,2956,3023]",[],51,
161213_081,00:11:81:10:01:48,W2-9F,14,1,2016121318,2600,2810,"[15,18,8,5]","[2614,2648,2706,2738]",[],53,
161213_082,00:11:81:10:01:47,W2-9F,14,1,2016121318,2600,2810,"[15,18,8,5]","[2614,2648,2706,2738]",[],55,
161213_083,00:11:81:10:01:2c,W2-9F,14,1,2016121318,2600,2805,"[15,18,22,5]","[2613,2648,2718,2734]",[],64,
161213_084,00:11:81:10:01:2e,W2-9F,14,1,2016121318,2600,2805,"[15,18,22,5]","[2613,2648,2718,2734]",[],66,
161213_085,00:11:81:10:01:46,W2-9F,1,14,2016121318,3200,3400,"[5,8,12,15]","[3233,3303,3333,3349]",[],49,
161213_086,00:11:81:10:01:4a,W2-9F,1,14,2016121318,3200,3400,"[5,8,12,15]","[3233,3303,3333,3349]",[],51,
161213_087,00:11:81:10:01:48,W2-9F,1,14,2016121318,3200,3412,"[5,8,18,15]","[3233,3305,3321,3356]",[],53,
161213_088,00:11:81:10:01:47,W2-9F,1,14,2016121318,3200,3412,"[5,8,18,15]","[3233,3305,3321,3356]",[],55,
161213_089,00:11:81:10:01:2c,W2-9F,1,14,2016121318,3258,3450,"[5,22,18,15]","[3323,3338,3405,3437]",[],64,
161213_090,00:11:81:10:01:2e,W2-9F,1,14,2016121318,3258,3450,"[5,22,18,15]","[3323,3338,3405,3437]",[],66,
161218_001,13,W2-9F,12,12,20161218,144300,145300,[],[],[],13,
161218_002,21,W2-9F,12,12,20161218,144300,145300,[],[],[],21,
161218_003,33,W2-9F,12,12,20161218,144300,145300,[],[],[],33,
161218_004,35,W2-9F,13,13,20161218,144300,145300,[],[],[],35,
161218_005,39,W2-9F,13,13,20161218,144300,145300,[],[],[],39,
161218_006,41,W2-9F,13,13,20161218,144300,145300,[],[],[],41,
161218_007,42,W2-9F,26,26,20161218,144300,145300,[],[],[],42,
161218_008,45,W2-9F,26,26,20161218,144300,145300,[],[],[],45,
161218_009,46,W2-9F,26,26,20161218,144300,145300,[],[],[],46,
161218_010,48,W2-9F,14,14,20161218,144300,145300,[],[],[],48,
161218_011,49,W2-9F,14,14,20161218,144300,145300,[],[],[],49,
161218_012,51,W2-9F,14,14,20161218,144300,145300,[],[],[],51,
161218_013,53,W2-9F,15,15,20161218,144300,145300,[],[],[],53,
161218_014,55,W2-9F,15,15,20161218,144300,145300,[],[],[],55,
161218_015,64,W2-9F,15,15,20161218,144300,145300,[],[],[],64,
161218_016,13,W2-9F,25,25,20161218,145500,150500,[],[],[],13,
161218_017,21,W2-9F,25,25,20161218,145500,150500,[],[],[],21,
161218_018,33,W2-9F,25,25,20161218,145500,150500,[],[],[],33,
161218_019,35,W2-9F,11,11,20161218,145500,150500,[],[],[],35,
161218_020,39,W2-9F,11,11,20161218,145500,150500,[],[],[],39,
161218_021,41,W2-9F,11,11,20161218,145500,150500,[],[],[],41,
161218_022,42,W2-9F,9,9,20161218,145500,150500,[],[],[],42,
161218_023,45,W2-9F,9,9,20161218,145500,150500,[],[],[],45,
161218_024,46,W2-9F,9,9,20161218,145500,150500,[],[],[],46,
161218_025,48,W2-9F,17,17,20161218,145500,150500,[],[],[],48,
161218_026,49,W2-9F,17,17,20161218,145500,150500,[],[],[],49,
161218_027,51,W2-9F,17,17,20161218,145500,150500,[],[],[],51,
161218_028,53,W2-9F,16,16,20161218,145500,150500,[],[],[],53,
161218_029,55,W2-9F,16,16,20161218,145500,150500,[],[],[],55,
161218_030,64,W2-9F,16,16,20161218,145500,150500,[],[],[],64,
161218_031,13,W2-9F,7,7,20161218,150700,151700,[],[],[],13,
161218_032,21,W2-9F,7,7,20161218,150700,151700,[],[],[],21,
161218_033,33,W2-9F,7,7,20161218,150700,151700,[],[],[],33,
161218_034,35,W2-9F,8,8,20161218,150700,151700,[],[],[],35,
161218_035,39,W2-9F,8,8,20161218,150700,151700,[],[],[],39,
161218_036,41,W2-9F,8,8,20161218,150700,151700,[],[],[],41,
161218_037,42,W2-9F,6,6,20161218,150700,151700,[],[],[],42,
161218_038,45,W2-9F,6,6,20161218,150700,151700,[],[],[],45,
161218_039,46,W2-9F,6,6,20161218,150700,151700,[],[],[],46,
161218_040,48,W2-9F,18,18,20161218,150700,151700,[],[],[],48,
161218_041,49,W2-9F,18,18,20161218,150700,151700,[],[],[],49,
161218_042,51,W2-9F,18,18,20161218,150700,151700,[],[],[],51,
161218_043,53,W2-9F,27,27,20161218,150700,151700,[],[],[],53,
161218_044,55,W2-9F,27,27,20161218,150700,151700,[],[],[],55,
161218_045,64,W2-9F,27,27,20161218,150700,151700,[],[],[],64,
161218_046,13,W2-9F,4,4,20161218,151900,152900,[],[],[],13,
161218_047,21,W2-9F,4,4,20161218,151900,152900,[],[],[],21,
161218_048,33,W2-9F,4,4,20161218,151900,152900,[],[],[],33,
161218_049,35,W2-9F,5,5,20161218,151900,152900,[],[],[],35,
161218_050,39,W2-9F,5,5,20161218,151900,152900,[],[],[],39,
161218_051,41,W2-9F,5,5,20161218,151900,152900,[],[],[],41,
161218_052,42,W2-9F,24,24,20161218,151900,152900,[],[],[],42,
161218_053,45,W2-9F,24,24,20161218,151900,152900,[],[],[],45,
161218_054,46,W2-9F,24,24,20161218,151900,152900,[],[],[],46,
161218_055,48,W2-9F,21,21,20161218,151900,152900,[],[],[],48,
161218_056,49,W2-9F,21,21,20161218,151900,152900,[],[],[],49,
161218_057,51,W2-9F,21,21,20161218,151900,152900,[],[],[],51,
161218_058,53,W2-9F,19,19,20161218,151900,152900,[],[],[],53,
161218_059,55,W2-9F,19,19,20161218,151900,152900,[],[],[],55,
161218_060,64,W2-9F,19,19,20161218,151900,152900,[],[],[],64,
161218_061,13,W2-9F,1,1,20161218,153000,154000,[],[],[],13,
161218_062,21,W2-9F,1,1,20161218,153000,154000,[],[],[],21,
161218_063,33,W2-9F,1,1,20161218,153000,154000,[],[],[],33,
161218_064,35,W2-9F,2,2,20161218,153000,154000,[],[],[],35,
161218_065,39,W2-9F,2,2,20161218,153000,154000,[],[],[],39,
161218_066,41,W2-9F,2,2,20161218,153000,154000,[],[],[],41,
161218_067,42,W2-9F,3,3,20161218,153000,154000,[],[],[],42,
161218_068,45,W2-9F,3,3,20161218,153000,154000,[],[],[],45,
161218_069,46,W2-9F,3,3,20161218,153000,154000,[],[],[],46,
161218_070,48,W2-9F,23,23,20161218,153000,154000,[],[],[],48,
161218_071,49,W2-9F,23,23,20161218,153000,154000,[],[],[],49,
161218_072,51,W2-9F,23,23,20161218,153000,154000,[],[],[],51,
161218_073,53,W2-9F,22,22,20161218,153000,154000,[],[],[],53,
161218_074,55,W2-9F,22,22,20161218,153000,154000,[],[],[],55,
161218_075,64,W2-9F,22,22,20161218,153000,154000,[],[],[],64,
161218_076,13,W2-8F,1,1,20161218,154200,155200,[],[],[],13,
161218_077,21,W2-8F,1,1,20161218,154200,155200,[],[],[],21,
161218_078,33,W2-8F,1,1,20161218,154200,155200,[],[],[],33,
161218_079,35,W2-8F,2,2,20161218,154200,155200,[],[],[],35,
161218_080,39,W2-8F,2,2,20161218,154200,155200,[],[],[],39,
161218_081,41,W2-8F,2,2,20161218,154200,155200,[],[],[],41,
161218_082,42,W2-8F,3,3,20161218,154200,155200,[],[],[],42,
161218_083,45,W2-8F,3,3,20161218,154200,155200,[],[],[],45,
161218_084,46,W2-8F,3,3,20161218,154200,155200,[],[],[],46,
161218_085,48,W2-8F,4,4,20161218,154200,155200,[],[],[],48,
161218_086,49,W2-8F,4,4,20161218,154200,155200,[],[],[],49,
161218_087,51,W2-8F,4,4,20161218,154200,155200,[],[],[],51,
161218_088,53,W2-8F,5,5,20161218,154200,155200,[],[],[],53,
161218_089,55,W2-8F,5,5,20161218,154200,155200,[],[],[],55,
161218_090,64,W2-8F,5,5,20161218,154200,155200,[],[],[],64,
161218_091,13,W2-8F,17,17,20161218,155400,160400,[],[],[],13,
161218_092,21,W2-8F,17,17,20161218,155400,160400,[],[],[],21,
161218_093,33,W2-8F,17,17,20161218,155400,160400,[],[],[],33,
161218_094,35,W2-8F,19,19,20161218,155400,160400,[],[],[],35,
161218_095,39,W2-8F,19,19,20161218,155400,160400,[],[],[],39,
161218_096,41,W2-8F,19,19,20161218,155400,160400,[],[],[],41,
161218_097,42,W2-8F,6,6,20161218,155400,160400,[],[],[],42,
161218_098,45,W2-8F,6,6,20161218,155400,160400,[],[],[],45,
161218_099,46,W2-8F,6,6,20161218,155400,160400,[],[],[],46,
161218_100,48,W2-8F,7,7,20161218,155400,160400,[],[],[],48,
161218_101,49,W2-8F,7,7,20161218,155400,160400,[],[],[],49,
161218_102,51,W2-8F,7,7,20161218,155400,160400,[],[],[],51,
161218_103,53,W2-8F,8,8,20161218,155400,160400,[],[],[],53,
161218_104,55,W2-8F,8,8,20161218,155400,160400,[],[],[],55,
161218_105,64,W2-8F,8,8,20161218,155400,160400,[],[],[],64,
161218_106,13,W2-8F,11,11,20161218,160600,161600,[],[],[],13,
161218_107,21,W2-8F,11,11,20161218,160600,161600,[],[],[],21,
161218_108,33,W2-8F,11,11,20161218,160600,161600,[],[],[],33,
161218_109,35,W2-8F,12,12,20161218,160600,161600,[],[],[],35,
161218_110,39,W2-8F,12,12,20161218,160600,161600,[],[],[],39,
161218_111,41,W2-8F,12,12,20161218,160600,161600,[],[],[],41,
161218_112,42,W2-8F,10,10,20161218,160600,161600,[],[],[],42,
161218_113,45,W2-8F,10,10,20161218,160600,161600,[],[],[],45,
161218_114,46,W2-8F,10,10,20161218,160600,161600,[],[],[],46,
161218_115,48,W2-8F,15,15,20161218,160600,161600,[],[],[],48,
161218_116,49,W2-8F,15,15,20161218,160600,161600,[],[],[],49,
161218_117,51,W2-8F,15,15,20161218,160600,161600,[],[],[],51,
161218_118,53,W2-8F,14,14,20161218,160600,161600,[],[],[],53,
161218_119,55,W2-8F,14,14,20161218,160600,161600,[],[],[],55,
161218_120,64,W2-8F,14,14,20161218,160600,161600,[],[],[],64,
161218_121,42,W2-8F,16,16,20161218,161800,162800,[],[],[],42,
161218_122,45,W2-8F,16,16,20161218,161800,162800,[],[],[],45,
161218_123,46,W2-8F,16,16,20161218,161800,162800,[],[],[],46,
161218_124,48,W2-8F,18,18,20161218,161800,162800,[],[],[],48,
161218_125,49,W2-8F,18,18,20161218,161800,162800,[],[],[],49,
161218_126,51,W2-8F,18,18,20161218,161800,162800,[],[],[],51,
161218_127,53,W2-8F,13,13,20161218,161800,162800,[],[],[],53,
161218_128,55,W2-8F,13,13,20161218,161800,162800,[],[],[],55,
161218_129,64,W2-8F,13,13,20161218,161800,162800,[],[],[],64,
161218_130,13,W2-7F,13,13,20161218,161800,162800,[],[],[],13,
161218_131,21,W2-7F,13,13,20161218,161800,162800,[],[],[],21,
161218_132,33,W2-7F,13,13,20161218,161800,162800,[],[],[],33,
161218_133,13,W2-7F,26,26,20161218,163000,164000,[],[],[],13,
161218_134,21,W2-7F,26,26,20161218,163000,164000,[],[],[],21,
161218_135,33,W2-7F,26,26,20161218,163000,164000,[],[],[],33,
161218_136,35,W2-7F,12,12,20161218,163000,164000,[],[],[],35,
161218_137,39,W2-7F,12,12,20161218,163000,164000,[],[],[],39,
161218_138,41,W2-7F,12,12,20161218,163000,164000,[],[],[],41,
161218_139,42,W2-7F,11,11,20161218,163000,164000,[],[],[],42,
161218_140,45,W2-7F,11,11,20161218,163000,164000,[],[],[],45,
161218_141,46,W2-7F,11,11,20161218,163000,164000,[],[],[],46,
161218_142,48,W2-7F,10,10,20161218,163000,164000,[],[],[],48,
161218_143,49,W2-7F,10,10,20161218,163000,164000,[],[],[],49,
161218_144,51,W2-7F,10,10,20161218,163000,164000,[],[],[],51,
161218_145,53,W2-7F,9,9,20161218,163000,164000,[],[],[],53,
161218_146,55,W2-7F,9,9,20161218,163000,164000,[],[],[],55,
161218_147,64,W2-7F,9,9,20161218,163000,164000,[],[],[],64,
161218_148,13,W2-7F,15,15,20161218,164100,165100,[],[],[],13,
161218_149,21,W2-7F,15,15,20161218,164100,165100,[],[],[],21,
161218_150,33,W2-7F,15,15,20161218,164100,165100,[],[],[],33,
161218_151,35,W2-7F,14,14,20161218,164100,165100,[],[],[],35,
161218_152,39,W2-7F,14,14,20161218,164100,165100,[],[],[],39,
161218_153,41,W2-7F,14,14,20161218,164100,165100,[],[],[],41,
161218_154,42,W2-7F,25,25,20161218,164100,165100,[],[],[],42,
161218_155,45,W2-7F,25,25,20161218,164100,165100,[],[],[],45,
161218_156,46,W2-7F,25,25,20161218,164100,165100,[],[],[],46,
161218_157,48,W2-7F,8,8,20161218,164100,165100,[],[],[],48,
161218_158,49,W2-7F,8,8,20161218,164100,165100,[],[],[],49,
161218_159,51,W2-7F,8,8,20161218,164100,165100,[],[],[],51,
161218_160,53,W2-7F,27,27,20161218,164100,165100,[],[],[],53,
161218_161,55,W2-7F,27,27,20161218,164100,165100,[],[],[],55,
161218_162,64,W2-7F,27,27,20161218,164100,165100,[],[],[],64,
161218_163,13,W2-7F,17,17,20161218,165200,170200,[],[],[],13,
161218_164,21,W2-7F,17,17,20161218,165200,170200,[],[],[],21,
161218_165,33,W2-7F,17,17,20161218,165200,170200,[],[],[],33,
161218_166,35,W2-7F,16,16,20161218,165200,170200,[],[],[],35,
161218_167,39,W2-7F,16,16,20161218,165200,170200,[],[],[],39,
161218_168,41,W2-7F,16,16,20161218,165200,170200,[],[],[],41,
161218_169,42,W2-7F,7,7,20161218,165200,170200,[],[],[],42,
161218_170,45,W2-7F,7,7,20161218,165200,170200,[],[],[],45,
161218_171,46,W2-7F,7,7,20161218,165200,170200,[],[],[],46,
161218_172,48,W2-7F,24,24,20161218,165200,170200,[],[],[],48,
161218_173,49,W2-7F,24,24,20161218,165200,170200,[],[],[],49,
161218_174,51,W2-7F,24,24,20161218,165200,170200,[],[],[],51,
161218_175,53,W2-7F,6,6,20161218,165200,170200,[],[],[],53,
161218_176,55,W2-7F,6,6,20161218,165200,170200,[],[],[],55,
161218_177,64,W2-7F,6,6,20161218,165200,170200,[],[],[],64,
161218_178,13,W2-7F,20,20,20161218,170700,171700,[],[],[],13,
161218_179,21,W2-7F,20,20,20161218,170700,171700,[],[],[],21,
161218_180,33,W2-7F,20,20,20161218,170700,171700,[],[],[],33,
161218_181,35,W2-7F,18,18,20161218,170700,171700,[],[],[],35,
161218_182,39,W2-7F,18,18,20161218,170700,171700,[],[],[],39,
161218_183,41,W2-7F,18,18,20161218,170700,171700,[],[],[],41,
161218_184,42,W2-7F,5,5,20161218,170700,171700,[],[],[],42,
161218_185,45,W2-7F,5,5,20161218,170700,171700,[],[],[],45,
161218_186,46,W2-7F,5,5,20161218,170700,171700,[],[],[],46,
161218_187,48,W2-7F,4,4,20161218,170700,171700,[],[],[],48,
161218_188,49,W2-7F,4,4,20161218,170700,171700,[],[],[],49,
161218_189,51,W2-7F,4,4,20161218,170700,171700,[],[],[],51,
161218_190,53,W2-7F,23,23,20161218,170700,171700,[],[],[],53,
161218_191,55,W2-7F,23,23,20161218,170700,171700,[],[],[],55,
161218_192,64,W2-7F,23,23,20161218,170700,171700,[],[],[],64,
161218_193,13,W2-7F,22,22,20161218,171800,172800,[],[],[],13,
161218_194,21,W2-7F,22,22,20161218,171800,172800,[],[],[],21,
161218_195,33,W2-7F,22,22,20161218,171800,172800,[],[],[],33,
161218_196,35,W2-7F,21,21,20161218,171800,172800,[],[],[],35,
161218_197,39,W2-7F,21,21,20161218,171800,172800,[],[],[],39,
161218_198,41,W2-7F,21,21,20161218,171800,172800,[],[],[],41,
161218_199,42,W2-7F,2,2,20161218,171800,172800,[],[],[],42,
161218_200,45,W2-7F,2,2,20161218,171800,172800,[],[],[],45,
161218_201,46,W2-7F,2,2,20161218,171800,172800,[],[],[],46,
161218_202,48,W2-7F,1,1,20161218,171800,172800,[],[],[],48,
161218_203,49,W2-7F,1,1,20161218,171800,172800,[],[],[],49,
161218_204,51,W2-7F,1,1,20161218,171800,172800,[],[],[],51,
161218_205,53,W2-7F,3,3,20161218,171800,172800,[],[],[],53,
161218_206,55,W2-7F,3,3,20161218,171800,172800,[],[],[],55,
161218_207,64,W2-7F,3,3,20161218,171800,172800,[],[],[],64,
161218_208,13,W2-6F,1,1,20161218,173000,174000,[],[],[],13,
161218_209,21,W2-6F,1,1,20161218,173000,174000,[],[],[],21,
161218_210,33,W2-6F,1,1,20161218,173000,174000,[],[],[],33,
161218_211,35,W2-6F,2,2,20161218,173000,174000,[],[],[],35,
161218_212,39,W2-6F,2,2,20161218,173000,174000,[],[],[],39,
161218_213,41,W2-6F,2,2,20161218,173000,174000,[],[],[],41,
161218_214,42,W2-6F,3,3,20161218,173000,174000,[],[],[],42,
161218_215,45,W2-6F,3,3,20161218,173000,174000,[],[],[],45,
161218_216,46,W2-6F,3,3,20161218,173000,174000,[],[],[],46,
161218_217,48,W2-6F,21,21,20161218,173000,174000,[],[],[],48,
161218_218,49,W2-6F,21,21,20161218,173000,174000,[],[],[],49,
161218_219,51,W2-6F,21,21,20161218,173000,174000,[],[],[],51,
161218_220,53,W2-6F,20,20,20161218,173000,174000,[],[],[],53,
161218_221,55,W2-6F,20,20,20161218,173000,174000,[],[],[],55,
161218_222,64,W2-6F,20,20,20161218,173000,174000,[],[],[],64,
161218_223,13,W2-6F,4,4,20161218,174100,175100,[],[],[],13,
161218_224,21,W2-6F,4,4,20161218,174100,175100,[],[],[],21,
161218_225,33,W2-6F,4,4,20161218,174100,175100,[],[],[],33,
161218_226,35,W2-6F,5,5,20161218,174100,175100,[],[],[],35,
161218_227,39,W2-6F,5,5,20161218,174100,175100,[],[],[],39,
161218_228,41,W2-6F,5,5,20161218,174100,175100,[],[],[],41,
161218_229,42,W2-6F,22,22,20161218,174100,175100,[],[],[],42,
161218_230,45,W2-6F,22,22,20161218,174100,175100,[],[],[],45,
161218_231,46,W2-6F,22,22,20161218,174100,175100,[],[],[],46,
161218_232,48,W2-6F,19,19,20161218,174100,175100,[],[],[],48,
161218_233,49,W2-6F,19,19,20161218,174100,175100,[],[],[],49,
161218_234,51,W2-6F,19,19,20161218,174100,175100,[],[],[],51,
161218_235,53,W2-6F,18,18,20161218,174100,175100,[],[],[],53,
161218_236,55,W2-6F,18,18,20161218,174100,175100,[],[],[],55,
161218_237,64,W2-6F,18,18,20161218,174100,175100,[],[],[],64,
161218_238,13,W2-6F,7,7,20161218,175200,180200,[],[],[],13,
161218_239,21,W2-6F,7,7,20161218,175200,180200,[],[],[],21,
161218_240,33,W2-6F,7,7,20161218,175200,180200,[],[],[],33,
161218_241,35,W2-6F,23,23,20161218,175200,180200,[],[],[],35,
161218_242,39,W2-6F,23,23,20161218,175200,180200,[],[],[],39,
161218_243,41,W2-6F,23,23,20161218,175200,180200,[],[],[],41,
161218_244,42,W2-6F,6,6,20161218,175200,180200,[],[],[],42,
161218_245,45,W2-6F,6,6,20161218,175200,180200,[],[],[],45,
161218_246,46,W2-6F,6,6,20161218,175200,180200,[],[],[],46,
161218_247,48,W2-6F,17,17,20161218,175200,180200,[],[],[],48,
161218_248,49,W2-6F,17,17,20161218,175200,180200,[],[],[],49,
161218_249,51,W2-6F,17,17,20161218,175200,180200,[],[],[],51,
161218_250,53,W2-6F,16,16,20161218,175200,180200,[],[],[],53,
161218_251,55,W2-6F,16,16,20161218,175200,180200,[],[],[],55,
161218_252,64,W2-6F,16,16,20161218,175200,180200,[],[],[],64,
161218_253,13,W2-6F,24,24,20161218,180300,181300,[],[],[],13,
161218_254,21,W2-6F,24,24,20161218,180300,181300,[],[],[],21,
161218_255,33,W2-6F,24,24,20161218,180300,181300,[],[],[],33,
161218_256,35,W2-6F,8,8,20161218,180300,181300,[],[],[],35,
161218_257,39,W2-6F,8,8,20161218,180300,181300,[],[],[],39,
161218_258,41,W2-6F,8,8,20161218,180300,181300,[],[],[],41,
161218_259,42,W2-6F,27,27,20161218,180300,181300,[],[],[],42,
161218_260,45,W2-6F,27,27,20161218,180300,181300,[],[],[],45,
161218_261,46,W2-6F,27,27,20161218,180300,181300,[],[],[],46,
161218_262,48,W2-6F,15,15,20161218,180300,181300,[],[],[],48,
161218_263,49,W2-6F,15,15,20161218,180300,181300,[],[],[],49,
161218_264,51,W2-6F,15,15,20161218,180300,181300,[],[],[],51,
161218_265,53,W2-6F,14,14,20161218,180300,181300,[],[],[],53,
161218_266,55,W2-6F,14,14,20161218,180300,181300,[],[],[],55,
161218_267,64,W2-6F,14,14,20161218,180300,181300,[],[],[],64,
161218_268,13,W2-6F,9,9,20161218,181500,182500,[],[],[],13,
161218_269,21,W2-6F,9,9,20161218,181500,182500,[],[],[],21,
161218_270,33,W2-6F,9,9,20161218,181500,182500,[],[],[],33,
161218_271,35,W2-6F,11,11,20161218,181500,182500,[],[],[],35,
161218_272,39,W2-6F,11,11,20161218,181500,182500,[],[],[],39,
161218_273,41,W2-6F,11,11,20161218,181500,182500,[],[],[],41,
161218_274,42,W2-6F,10,10,20161218,181500,182500,[],[],[],42,
161218_275,45,W2-6F,10,10,20161218,181500,182500,[],[],[],45,
161218_276,46,W2-6F,10,10,20161218,181500,182500,[],[],[],46,
161218_277,48,W2-6F,12,12,20161218,181500,182500,[],[],[],48,
161218_278,49,W2-6F,12,12,20161218,181500,182500,[],[],[],49,
161218_279,51,W2-6F,12,12,20161218,181500,182500,[],[],[],51,
161218_280,53,W2-6F,13,13,20161218,181500,182500,[],[],[],53,
161218_281,55,W2-6F,13,13,20161218,181500,182500,[],[],[],55,
161218_282,64,W2-6F,13,13,20161218,181500,182500,[],[],[],64,
161219_001,35,W2-6F,3,3,20161218,173800,174800,[],[],[],,
161219_002,39,W2-6F,22,22,20161218,173800,174800,[],[],[],,
161219_003,41,W2-6F,6,6,20161218,173800,174800,[],[],[],,
161219_004,42,W2-6F,27,27,20161219,173800,174800,[],[],[],,
161219_005,13,W2-7F,13,13,20161219,173800,174800,[],[],[],,
161219_006,21,W2-7F,13,13,20161219,173800,174800,[],[],[],,
161219_007,33,W2-7F,13,13,20161219,173800,174800,[],[],[],,
161219_008,13,W2-7F,22,22,20161219,182400,183400,[],[],[],,
161219_009,21,W2-7F,22,22,20161219,182400,183400,[],[],[],,
161219_010,33,W2-7F,22,22,20161219,182400,183400,[],[],[],,
161219_011,35,W2-7F,21,21,20161219,182400,183400,[],[],[],,
161219_012,39,W2-7F,21,21,20161219,182400,183400,[],[],[],,
161219_013,41,W2-7F,21,21,20161219,182400,183400,[],[],[],,
161219_014,42,W2-7F,2,2,20161219,182400,183400,[],[],[],,
161219_015,45,W2-7F,2,2,20161219,182400,183400,[],[],[],,
161219_016,46,W2-7F,2,2,20161219,182400,183400,[],[],[],,
161219_017,48,W2-7F,1,1,20161219,182400,183400,[],[],[],,
161219_018,49,W2-7F,1,1,20161219,182400,183400,[],[],[],,
161219_019,51,W2-7F,1,1,20161219,182400,183400,[],[],[],,
161219_020,53,W2-7F,3,3,20161219,182400,183400,[],[],[],,
161219_021,55,W2-7F,3,3,20161219,182400,183400,[],[],[],,
161219_022,64,W2-7F,3,3,20161219,182400,183400,[],[],[],,
161219_023,13,W2-7F,20,20,20161219,183500,184500,[],[],[],,
161219_024,21,W2-7F,20,20,20161219,183500,184500,[],[],[],,
161219_025,33,W2-7F,20,20,20161219,183500,184500,[],[],[],,
161219_026,35,W2-7F,18,18,20161219,183500,184500,[],[],[],,
161219_027,39,W2-7F,18,18,20161219,183500,184500,[],[],[],,
161219_028,41,W2-7F,18,18,20161219,183500,184500,[],[],[],,
161219_029,42,W2-7F,5,5,20161219,183500,184500,[],[],[],,
161219_030,45,W2-7F,5,5,20161219,183500,184500,[],[],[],,
161219_031,46,W2-7F,5,5,20161219,183500,184500,[],[],[],,
161219_032,48,W2-7F,4,4,20161219,183500,184500,[],[],[],,
161219_033,49,W2-7F,4,4,20161219,183500,184500,[],[],[],,
161219_034,51,W2-7F,4,4,20161219,183500,184500,[],[],[],,
161219_035,53,W2-7F,23,23,20161219,183500,184500,[],[],[],,
161219_036,55,W2-7F,23,23,20161219,183500,184500,[],[],[],,
161219_037,64,W2-7F,23,23,20161219,183500,184500,[],[],[],,
161219_038,13,W2-7F,17,17,20161219,184600,185600,[],[],[],,
161219_039,21,W2-7F,17,17,20161219,184600,185600,[],[],[],,
161219_040,33,W2-7F,17,17,20161219,184600,185600,[],[],[],,
161219_041,35,W2-7F,16,16,20161219,184600,185600,[],[],[],,
161219_042,39,W2-7F,16,16,20161219,184600,185600,[],[],[],,
161219_043,41,W2-7F,16,16,20161219,184600,185600,[],[],[],,
161219_044,42,W2-7F,7,7,20161219,184600,185600,[],[],[],,
161219_045,45,W2-7F,7,7,20161219,184600,185600,[],[],[],,
161219_046,46,W2-7F,7,7,20161219,184600,185600,[],[],[],,
161219_047,48,W2-7F,24,24,20161219,184600,185600,[],[],[],,
161219_048,49,W2-7F,24,24,20161219,184600,185600,[],[],[],,
161219_049,51,W2-7F,24,24,20161219,184600,185600,[],[],[],,
161219_050,53,W2-7F,6,6,20161219,184600,185600,[],[],[],,
161219_051,55,W2-7F,6,6,20161219,184600,185600,[],[],[],,
161219_052,64,W2-7F,6,6,20161219,184600,185600,[],[],[],,
161219_053,13,W2-7F,15,15,20161219,185700,190700,[],[],[],,
161219_054,21,W2-7F,15,15,20161219,185700,190700,[],[],[],,
161219_055,33,W2-7F,15,15,20161219,185700,190700,[],[],[],,
161219_056,35,W2-7F,14,14,20161219,185700,190700,[],[],[],,
161219_057,39,W2-7F,14,14,20161219,185700,190700,[],[],[],,
161219_058,41,W2-7F,14,14,20161219,185700,190700,[],[],[],,
161219_059,42,W2-7F,25,25,20161219,185700,190700,[],[],[],,
161219_060,45,W2-7F,25,25,20161219,185700,190700,[],[],[],,
161219_061,46,W2-7F,25,25,20161219,185700,190700,[],[],[],,
161219_062,48,W2-7F,8,8,20161219,185700,190700,[],[],[],,
161219_063,49,W2-7F,8,8,20161219,185700,190700,[],[],[],,
161219_064,51,W2-7F,8,8,20161219,185700,190700,[],[],[],,
161219_065,53,W2-7F,27,27,20161219,185700,190700,[],[],[],,
161219_066,55,W2-7F,27,27,20161219,185700,190700,[],[],[],,
161219_067,64,W2-7F,27,27,20161219,185700,190700,[],[],[],,
161219_068,13,W2-7F,26,26,20161219,190800,191800,[],[],[],,
161219_069,21,W2-7F,26,26,20161219,190800,191800,[],[],[],,
161219_070,33,W2-7F,26,26,20161219,190800,191800,[],[],[],,
161219_071,35,W2-7F,12,12,20161219,190800,191800,[],[],[],,
161219_072,39,W2-7F,12,12,20161219,190800,191800,[],[],[],,
161219_073,41,W2-7F,12,12,20161219,190800,191800,[],[],[],,
161219_074,42,W2-7F,11,11,20161219,190800,191800,[],[],[],,
161219_075,45,W2-7F,11,11,20161219,190800,191800,[],[],[],,
161219_076,46,W2-7F,11,11,20161219,190800,191800,[],[],[],,
161219_077,48,W2-7F,10,10,20161219,190800,191800,[],[],[],,
161219_078,49,W2-7F,10,10,20161219,190800,191800,[],[],[],,
161219_079,51,W2-7F,10,10,20161219,190800,191800,[],[],[],,
161219_080,53,W2-7F,9,9,20161219,190800,191800,[],[],[],,
161219_081,55,W2-7F,9,9,20161219,190800,191800,[],[],[],,
161219_082,64,W2-7F,9,9,20161219,190800,191800,[],[],[],,
161219_083,42,W2-8F,16,16,20161219,191900,192900,[],[],[],,
161219_084,45,W2-8F,16,16,20161219,191900,192900,[],[],[],,
161219_085,46,W2-8F,16,16,20161219,191900,192900,[],[],[],,
161219_086,48,W2-8F,18,18,20161219,191900,192900,[],[],[],,
161219_087,49,W2-8F,18,18,20161219,191900,192900,[],[],[],,
161219_088,51,W2-8F,18,18,20161219,191900,192900,[],[],[],,
161219_089,53,W2-8F,13,13,20161219,191900,192900,[],[],[],,
161219_090,55,W2-8F,13,13,20161219,191900,192900,[],[],[],,
161219_091,64,W2-8F,13,13,20161219,191900,192900,[],[],[],,
161219_092,13,W2-8F,11,11,20161219,193000,194000,[],[],[],,
161219_093,21,W2-8F,11,11,20161219,193000,194000,[],[],[],,
161219_094,33,W2-8F,11,11,20161219,193000,194000,[],[],[],,
161219_095,35,W2-8F,12,12,20161219,193000,194000,[],[],[],,
161219_096,39,W2-8F,12,12,20161219,193000,194000,[],[],[],,
161219_097,41,W2-8F,12,12,20161219,193000,194000,[],[],[],,
161219_098,42,W2-8F,10,10,20161219,193000,194000,[],[],[],,
161219_099,45,W2-8F,10,10,20161219,193000,194000,[],[],[],,
161219_100,46,W2-8F,10,10,20161219,193000,194000,[],[],[],,
161219_101,48,W2-8F,15,15,20161219,193000,194000,[],[],[],,
161219_102,49,W2-8F,15,15,20161219,193000,194000,[],[],[],,
161219_103,51,W2-8F,15,15,20161219,193000,194000,[],[],[],,
161219_104,53,W2-8F,14,14,20161219,193000,194000,[],[],[],,
161219_105,55,W2-8F,14,14,20161219,193000,194000,[],[],[],,
161219_106,64,W2-8F,14,14,20161219,193000,194000,[],[],[],,
161219_107,13,W2-8F,17,17,20161219,194200,195200,[],[],[],,
161219_108,21,W2-8F,17,17,20161219,194200,195200,[],[],[],,
161219_109,33,W2-8F,17,17,20161219,194200,195200,[],[],[],,
161219_110,35,W2-8F,19,19,20161219,194200,195200,[],[],[],,
161219_111,39,W2-8F,19,19,20161219,194200,195200,[],[],[],,
161219_112,41,W2-8F,19,19,20161219,194200,195200,[],[],[],,
161219_113,42,W2-8F,6,6,20161219,194200,195200,[],[],[],,
161219_114,45,W2-8F,6,6,20161219,194200,195200,[],[],[],,
161219_115,46,W2-8F,6,6,20161219,194200,195200,[],[],[],,
161219_116,48,W2-8F,7,7,20161219,194200,195200,[],[],[],,
161219_117,49,W2-8F,7,7,20161219,194200,195200,[],[],[],,
161219_118,51,W2-8F,7,7,20161219,194200,195200,[],[],[],,
161219_119,53,W2-8F,8,8,20161219,194200,195200,[],[],[],,
161219_120,55,W2-8F,8,8,20161219,194200,195200,[],[],[],,
161219_121,64,W2-8F,8,8,20161219,194200,195200,[],[],[],,
161219_122,13,W2-8F,1,1,20161219,195300,200300,[],[],[],,
161219_123,21,W2-8F,1,1,20161219,195300,200300,[],[],[],,
161219_124,33,W2-8F,1,1,20161219,195300,200300,[],[],[],,
161219_125,35,W2-8F,2,2,20161219,195300,200300,[],[],[],,
161219_126,39,W2-8F,2,2,20161219,195300,200300,[],[],[],,
161219_127,41,W2-8F,2,2,20161219,195300,200300,[],[],[],,
161219_128,42,W2-8F,3,3,20161219,195300,200300,[],[],[],,
161219_129,45,W2-8F,3,3,20161219,195300,200300,[],[],[],,
161219_130,46,W2-8F,3,3,20161219,195300,200300,[],[],[],,
161219_131,48,W2-8F,4,4,20161219,195300,200300,[],[],[],,
161219_132,49,W2-8F,4,4,20161219,195300,200300,[],[],[],,
161219_133,51,W2-8F,4,4,20161219,195300,200300,[],[],[],,
161219_134,53,W2-8F,5,5,20161219,195300,200300,[],[],[],,
161219_135,55,W2-8F,5,5,20161219,195300,200300,[],[],[],,
161219_136,64,W2-8F,5,5,20161219,195300,200300,[],[],[],,
161221_001,13,W2-6F,3,3,2016122118,2000,3000,[],[],[],,
161221_002,21,W2-6F,22,22,2016122118,2000,3000,[],[],[],,
161221_003,33,W2-6F,6,6,2016122118,2000,3000,[],[],[],,
161221_004,35,W2-6F,27,27,2016122118,2000,3000,[],[],[],,
161221_005,39,W2-6F,14,1,2016122118,3800,4025,"[15,12,8,18,22,5]","[3811,3828,3900,3915,3943,3958]",[],,
161221_006,41,W2-6F,14,1,2016122118,3800,4025,"[15,12,8,18,22,5]","[3811,3828,3900,3915,3943,3958]",[],,
161221_007,46,W2-6F,13,14,2016122118,3800,4035,"[12,8,5,22,18,15]","[3812,3842,3909,3924,3951,4023]",[],,
161221_008,48,W2-6F,13,14,2016122118,3800,4035,"[12,8,5,22,18,15]","[3812,3842,3909,3924,3951,4023]",[],,
170127_001,00:11:81:10:01:3f,W2-6F,5,5,2017012717,4800,5800,[],[],[],,5800
170127_002,00:11:81:10:01:41,W2-6F,5,5,2017012717,4800,5800,[],[],[],,5800
170127_003,00:11:81:10:01:43,W2-6F,7,7,2017012717,4800,5800,[],[],[],,5800
170127_004,00:11:81:10:01:45,W2-6F,7,7,2017012717,4800,5800,[],[],[],,5800
170127_005,00:11:81:10:01:46,W2-6F,16,16,2017012717,4600,5600,[],[],[],,5600
170127_006,00:11:81:10:01:4a,W2-6F,16,16,2017012717,4600,5600,[],[],[],,5600
170127_007,00:11:81:10:01:48,W2-6F,20,19,2017012717,4600,5600,[],[],1:01,,5600
170127_008,00:11:81:10:01:47,W2-6F,20,19,2017012717,4600,5600,[],[],1:01,,5600
170127_009,00:11:81:10:01:1b,W2-6F,13,21,2017012717,4900,5010,"[12,16,20]","[4912,4929,4958]",[],,5010
170127_010,00:11:81:10:01:00,W2-6F,13,21,2017012717,4900,5010,"[12,16,20]","[4912,4929,4958]",[],,5010
170127_011,00:11:81:10:01:0d,W2-6F,13,21,2017012717,4900,5010,"[12,16,20]","[4912,4929,4958]",[],,5010
170127_012,00:11:81:10:01:1b,W2-6F,1,1,2017012717,5130,5446,"[5,8,9,12,16,20,5]","[5159,5233,5252,5308,5328,5402,5419]",[],,5446
170127_013,00:11:81:10:01:00,W2-6F,1,1,2017012717,5130,5446,"[5,8,9,12,16,20,5]","[5159,5233,5252,5308,5328,5402,5419]",[],,5446
170127_014,00:11:81:10:01:0d,W2-6F,1,1,2017012717,5130,5446,"[5,8,9,12,16,20,5]","[5159,5233,5252,5308,5328,5402,5419]",[],,5446
170127_015,00:11:81:10:01:1b,W2-6F,1,13,2017012717,5600,5829,"[5,20,16,8,9,12]","[5629,5645,5721,5737,5758,5815]",[],,5829
170127_016,00:11:81:10:01:00,W2-6F,1,13,2017012717,5600,5829,"[5,20,16,8,9,12]","[5629,5645,5721,5737,5758,5815]",[],,5829
170127_017,00:11:81:10:01:0d,W2-6F,1,13,2017012717,5600,5829,"[5,20,16,8,9,12]","[5629,5645,5721,5737,5758,5815]",[],,5829
170127_018,00:11:81:10:01:0c,W2-6F,11,1,2017012717,4700,4845,"[9,8,6,5]","[4719,4740,4807,4817]",[],,4845
170127_019,00:11:81:10:01:0e,W2-6F,11,1,2017012717,4700,4845,"[9,8,6,5]","[4719,4740,4807,4817]",[],,4845
170127_020,00:11:81:10:01:3d,W2-6F,11,1,2017012717,4700,4845,"[9,8,6,5]","[4719,4740,4807,4817]",[],,4845
170127_021,00:11:81:10:01:0c,W2-6F,21,11,2017012717,5000,5220,"[20,5,6,8,16,12,9]","[5014,5031,5041,5108,5125,5145,5200]",[],,5220
170127_022,00:11:81:10:01:0e,W2-6F,21,11,2017012717,5000,5220,"[20,5,6,8,16,12,9]","[5014,5031,5041,5108,5125,5145,5200]",[],,5220
170127_023,00:11:81:10:01:3d,W2-6F,21,11,2017012717,5000,5220,"[20,5,6,8,16,12,9]","[5014,5031,5041,5108,5125,5145,5200]",[],,5220
170127_024,00:11:81:10:01:0c,W2-6F,8,8,2017012717,5300,5500,"[24,8,24,8,24,8,24,8,24,8,24]","[5310,5320,5330,5340,5350,5400,5410,5420,5430,5440,5450]",[],,5500
170127_025,00:11:81:10:01:0e,W2-6F,8,8,2017012717,5300,5500,"[24,8,24,8,24,8,24,8,24,8,24]","[5310,5320,5330,5340,5350,5400,5410,5420,5430,5440,5450]",[],,5500
170127_026,00:11:81:10:01:3d,W2-6F,8,8,2017012717,5300,5500,"[24,8,24,8,24,8,24,8,24,8,24]","[5310,5320,5330,5340,5350,5400,5410,5420,5430,5440,5450]",[],,5500
170127_027,00:11:81:10:01:3f,W2-7F,5,5,20170127,180330,181330,[],[],[],,181330
170127_028,00:11:81:10:01:41,W2-7F,5,5,20170127,180330,181330,[],[],[],,181330
170127_029,00:11:81:10:01:43,W2-7F,7,7,20170127,180330,181330,[],[],[],,181330
170127_030,00:11:81:10:01:45,W2-7F,7,7,20170127,180330,181330,[],[],[],,181330
170127_031,00:11:81:10:01:46,W2-7F,16,16,20170127,175800,180800,[],[],[],,180800
170127_032,00:11:81:10:01:4a,W2-7F,16,16,20170127,175800,180800,[],[],[],,180800
170127_033,00:11:81:10:01:48,W2-7F,21,20,20170127,175800,180800,[],[],1:01,,180800
170127_034,00:11:81:10:01:47,W2-7F,21,20,20170127,175800,180800,[],[],1:01,,180800
170127_035,00:11:81:10:01:1b,W2-7F,13,22,20170127,180528,180647,"[12,21]","[180539,180633]",[],,180647
170127_036,00:11:81:10:01:00,W2-7F,13,22,20170127,180528,180647,"[12,21]","[180539,180633]",[],,180647
170127_037,00:11:81:10:01:0d,W2-7F,13,22,20170127,180528,180647,"[12,21]","[180539,180633]",[],,180647
170127_038,00:11:81:10:01:1b,W2-7F,1,1,2017012718,1110,1418,"[5,8,9,12,16,21,5]","[1139,1212,1231,1245,1304,1336,1351]",[],,1418
170127_039,00:11:81:10:01:00,W2-7F,1,1,2017012718,1110,1418,"[5,8,9,12,16,21,5]","[1139,1212,1231,1245,1304,1336,1351]",[],,1418
170127_040,00:11:81:10:01:0d,W2-7F,1,1,2017012718,1110,1418,"[5,8,9,12,16,21,5]","[1139,1212,1231,1245,1304,1336,1351]",[],,1418
170127_041,00:11:81:10:01:0c,W2-7F,11,1,20170127,180000,180140,"[9,8,6,5]","[180016,180037,180101,180113]",[],,180140
170127_042,00:11:81:10:01:0e,W2-7F,11,1,20170127,180000,180140,"[9,8,6,5]","[180016,180037,180101,180113]",[],,180140
170127_043,00:11:81:10:01:3d,W2-7F,11,1,20170127,180000,180140,"[9,8,6,5]","[180016,180037,180101,180113]",[],,180140
170127_044,00:11:81:10:01:0c,W2-7F,22,11,20170127,180240,180455,"[21,5,6,8,16,12,9]","[180255,180311,180322,180345,180402,180423,180437]",[],,180455
170127_045,00:11:81:10:01:0e,W2-7F,22,11,20170127,180240,180455,"[21,5,6,8,16,12,9]","[180255,180311,180322,180345,180402,180423,180437]",[],,180455
170127_046,00:11:81:10:01:3d,W2-7F,22,11,20170127,180240,180455,"[21,5,6,8,16,12,9]","[180255,180311,180322,180345,180402,180423,180437]",[],,180455
170127_047,00:11:81:10:01:0c,W2-7F,8,8,20170127,180530,180730,"[27,8,27,8,27,8,27,8,27,8,27]","[180540,180550,180600,180610,180620,180630,180640,180650,180700,180710,180720]",[],,180730
170127_048,00:11:81:10:01:0e,W2-7F,8,8,20170127,180530,180730,"[27,8,27,8,27,8,27,8,27,8,27]","[180540,180550,180600,180610,180620,180630,180640,180650,180700,180710,180720]",[],,180730
170127_049,00:11:81:10:01:3d,W2-7F,8,8,20170127,180530,180730,"[27,8,27,8,27,8,27,8,27,8,27]","[180540,180550,180600,180610,180620,180630,180640,180650,180700,180710,180720]",[],,180730
170127_050,00:11:81:10:01:3f,W2-9F,5,5,2017012718,1900,2900,[],[],[],,2900
170127_051,00:11:81:10:01:41,W2-9F,5,5,2017012718,1900,2900,[],[],[],,2900
170127_052,00:11:81:10:01:43,W2-9F,7,7,2017012718,1900,2900,[],[],[],,2900
170127_053,00:11:81:10:01:45,W2-9F,7,7,2017012718,1900,2900,[],[],[],,2900
170127_054,00:11:81:10:01:46,W2-9F,18,18,2017012718,1200,2200,[],[],[],,2200
170127_055,00:11:81:10:01:4a,W2-9F,18,18,2017012718,1200,2200,[],[],[],,2200
170127_056,00:11:81:10:01:48,W2-9F,22,21,2017012718,1200,2200,[],[],1:01,,2200
170127_057,00:11:81:10:01:47,W2-9F,22,21,2017012718,1200,2200,[],[],1:01,,2200
170127_058,00:11:81:10:01:1b,W2-9F,14,23,2017012718,2130,2248,"[15,18,22]","[2141,2210,2236]",[],,2248
170127_059,00:11:81:10:01:00,W2-9F,14,23,2017012718,2130,2248,"[15,18,22]","[2141,2210,2236]",[],,2248
170127_060,00:11:81:10:01:0d,W2-9F,14,23,2017012718,2130,2248,"[15,18,22]","[2141,2210,2236]",[],,2248
170127_061,00:11:81:10:01:1b,W2-9F,1,1,2017012718,2830,3137,"[5,8,12,15,18,22,5]","[2856,2921,2951,3005,3032,3058,3112]",[],,3137
170127_062,00:11:81:10:01:00,W2-9F,1,1,2017012718,2830,3137,"[5,8,12,15,18,22,5]","[2856,2921,2951,3005,3032,3058,3112]",[],,3137
170127_063,00:11:81:10:01:0d,W2-9F,1,1,2017012718,2830,3137,"[5,8,12,15,18,22,5]","[2856,2921,2951,3005,3032,3058,3112]",[],,3137
170127_064,00:11:81:10:01:1b,W2-9F,1,14,2017012718,3200,3422,"[5,22,18,8,12,15]","[3227,3242,3310,3324,3354,3410]",[],,3422
170127_065,00:11:81:10:01:00,W2-9F,1,14,2017012718,3200,3422,"[5,22,18,8,12,15]","[3227,3242,3310,3324,3354,3410]",[],,3422
170127_066,00:11:81:10:01:0d,W2-9F,1,14,2017012718,3200,3422,"[5,22,18,8,12,15]","[3227,3242,3310,3324,3354,3410]",[],,3422
170127_067,00:11:81:10:01:0c,W2-9F,13,1,2017012718,1300,1435,"[12,8,6,5]","[1312,1342,1401,1410]",[],,1435
170127_068,00:11:81:10:01:0e,W2-9F,13,1,2017012718,1300,1435,"[12,8,6,5]","[1312,1342,1401,1410]",[],,1435
170127_069,00:11:81:10:01:3d,W2-9F,13,1,2017012718,1300,1435,"[12,8,6,5]","[1312,1342,1401,1410]",[],,1435
170127_070,00:11:81:10:01:0c,W2-9F,23,13,2017012718,1520,1745,"[22,5,6,8,18,15,12]","[1535,1557,1608,1627,1643,1715,1731]",[],,1745
170127_071,00:11:81:10:01:0e,W2-9F,23,13,2017012718,1520,1745,"[22,5,6,8,18,15,12]","[1535,1557,1608,1627,1643,1715,1731]",[],,1745
170127_072,00:11:81:10:01:3d,W2-9F,23,13,2017012718,1520,1745,"[22,5,6,8,18,15,12]","[1535,1557,1608,1627,1643,1715,1731]",[],,1745
170127_073,00:11:81:10:01:0c,W2-9F,8,27,2017012718,1850,2050,"[27,8,27,8,27,8,27,8,27,8,27]","[1900,1910,1920,1930,1940,1950,2000,2010,2020,2030,2040]",[],,2050
170127_074,00:11:81:10:01:0e,W2-9F,8,27,2017012718,1850,2050,"[27,8,27,8,27,8,27,8,27,8,27]","[1900,1910,1920,1930,1940,1950,2000,2010,2020,2030,2040]",[],,2050
170127_075,00:11:81:10:01:3d,W2-9F,8,27,2017012718,1850,2050,"[27,8,27,8,27,8,27,8,27,8,27]","[1900,1910,1920,1930,1940,1950,2000,2010,2020,2030,2040]",[],,2050
170203_001,13,W2-7F,1,1,20170203,124000,132000,[],[],[],,
170203_002,21,W2-7F,1,1,20170203,124000,132000,[],[],[],,
170203_003,35,W2-7F,1,1,20170203,124000,132000,[],[],[],,
170203_004,39,W2-7F,8,8,20170203,124000,132000,[],[],[],,
170203_005,41,W2-7F,8,8,20170203,124000,132000,[],[],[],,
170203_006,42,W2-7F,8,8,20170203,124000,132000,[],[],[],,
170203_007,45,W2-7F,10,10,20170203,124000,132000,[],[],[],,
170203_008,46,W2-7F,10,10,20170203,124000,132000,[],[],[],,
170203_009,48,W2-7F,10,10,20170203,124000,132000,[],[],[],,
170203_010,49,W2-7F,21,21,20170203,124000,132000,[],[],[],,
170203_011,51,W2-7F,21,21,20170203,124000,132000,[],[],[],,
170203_012,53,W2-7F,21,21,20170203,124000,132000,[],[],[],,
170203_013,13,W2-6F,1,1,20170203,133000,141000,[],[],[],,
170203_014,21,W2-6F,1,1,20170203,133000,141000,[],[],[],,
170203_015,35,W2-6F,1,1,20170203,133000,141000,[],[],[],,
170203_016,39,W2-6F,8,8,20170203,133000,141000,[],[],[],,
170203_017,41,W2-6F,8,8,20170203,133000,141000,[],[],[],,
170203_018,42,W2-6F,8,8,20170203,133000,141000,[],[],[],,
170203_019,45,W2-6F,10,10,20170203,133000,141000,[],[],[],,
170203_020,46,W2-6F,10,10,20170203,133000,141000,[],[],[],,
170203_021,48,W2-6F,10,10,20170203,133000,141000,[],[],[],,
170203_022,49,W2-6F,20,20,20170203,133000,141000,[],[],[],,
170203_023,51,W2-6F,20,20,20170203,133000,141000,[],[],[],,
170203_024,53,W2-6F,20,20,20170203,133000,141000,[],[],[],,
170203_025,13,W2-9F,1,1,20170203,143000,151000,[],[],[],,
170203_026,21,W2-9F,1,1,20170203,143000,151000,[],[],[],,
170203_027,35,W2-9F,1,1,20170203,143000,151000,[],[],[],,
170203_028,39,W2-9F,8,8,20170203,143000,151000,[],[],[],,
170203_029,41,W2-9F,8,8,20170203,143000,151000,[],[],[],,
170203_030,42,W2-9F,8,8,20170203,143000,151000,[],[],[],,
170203_031,45,W2-9F,13,13,20170203,143000,151000,[],[],[],,
170203_032,46,W2-9F,13,13,20170203,143000,151000,[],[],[],,
170203_033,48,W2-9F,13,13,20170203,143000,151000,[],[],[],,
170203_034,49,W2-9F,22,22,20170203,143000,151000,[],[],[],,
170203_035,51,W2-9F,22,22,20170203,143000,151000,[],[],[],,
170203_036,53,W2-9F,22,22,20170203,143000,151000,[],[],[],,
